address,chain,symbol,target_percentage,entry_date_time,next_market_open,market_entry_date_time,vwap,post_cumulative_share_count,realized_profit,long_realized_profit,short_realized_profit,prior_portfolio_value,current_position,prior_position_value,cash_used,share_count,prior_cumulative_share_count,adjusted_entry
0xA9f484902d2905e4d95513C4e7d06CA08211bd4b,MATIC,AAL,0.01,2022-08-10 19:29:52,2022-08-10 13:30:00,2022-08-11 13:00:00,15.244382,6.559793634140105,-0.9694325424277592,-0.9694325424277592,0.0,10000.0,100.0,0.0,-100.0,6.559793634140105,0.0,0
0xA9f484902d2905e4d95513C4e7d06CA08211bd4b,MATIC,AMZN,0.01,2022-08-10 19:29:52,2022-08-10 13:30:00,2022-08-11 13:00:00,143.651134,0.6961309473547211,-1.964705687600081,-1.964705687600081,0.0,10000.0,100.0,0.0,-100.0,0.6961309473547211,0.0,0
0xA9f484902d2905e4d95513C4e7d06CA08211bd4b,MATIC,INZY,-0.02,2022-08-10 19:29:52,2022-08-10 13:30:00,2022-08-11 13:00:00,3.616037,-55.3091685732198,5.7860580519502465,0.0,5.7860580519502465,10000.0,-200.0,0.0,200.0,-55.3091685732198,0.0,0
0xA9f484902d2905e4d95513C4e7d06CA08211bd4b,MATIC,ADTX,0.01,2022-08-10 19:29:52,2022-08-10 13:30:00,2022-08-11 13:00:00,0.168651,592.9404509905071,3.0411915731303076,3.0411915731303076,0.0,10000.0,100.0,0.0,-100.0,592.9404509905071,0.0,0
0xA9f484902d2905e4d95513C4e7d06CA08211bd4b,MATIC,ADVM,-0.02,2022-08-10 19:29:52,2022-08-10 13:30:00,2022-08-11 13:00:00,1.550703,-128.97376222268224,5.612809158168891,0.0,5.612809158168891,10000.0,-200.0,0.0,200.0,-128.97376222268224,0.0,0
0xA9f484902d2905e4d95513C4e7d06CA08211bd4b,MATIC,AGLE,0.01,2022-08-10 19:29:52,2022-08-10 13:30:00,2022-08-11 13:00:00,0.477123,209.5895607631575,2.519476109933917,2.519476109933917,0.0,10000.0,100.0,0.0,-100.0,209.5895607631575,0.0,0
0xA9f484902d2905e4d95513C4e7d06CA08211bd4b,MATIC,ALNA,0.01,2022-08-10 19:29:52,2022-08-10 13:30:00,2022-08-11 13:00:00,0.13259,754.2046911531789,-12.471528772908973,-12.471528772908973,0.0,10000.0,100.0,0.0,-100.0,754.2046911531789,0.0,0
0xA9f484902d2905e4d95513C4e7d06CA08211bd4b,MATIC,ALRN,0.01,2022-08-10 19:29:52,2022-08-10 13:30:00,2022-08-11 13:00:00,0.207469,481.99972044016215,1.319233234844732,1.319233234844732,0.0,10000.0,100.0,0.0,-100.0,481.99972044016215,0.0,0
0xA9f484902d2905e4d95513C4e7d06CA08211bd4b,MATIC,AMD,0.01,2022-08-10 19:29:52,2022-08-10 13:30:00,2022-08-11 13:00:00,100.370131,0.9963123391758849,0.3610546249062904,0.3610546249062904,0.0,10000.0,100.0,0.0,-100.0,0.9963123391758849,0.0,0
0xA9f484902d2905e4d95513C4e7d06CA08211bd4b,MATIC,COGT,-0.02,2022-08-10 19:29:52,2022-08-10 13:30:00,2022-08-11 13:00:00,14.143212,-14.14105932938006,5.449511751644531,0.0,5.449511751644531,10000.0,-200.0,0.0,200.0,-14.14105932938006,0.0,0
0xA9f484902d2905e4d95513C4e7d06CA08211bd4b,MATIC,APPS,0.01,2022-08-10 19:29:52,2022-08-10 13:30:00,2022-08-11 13:00:00,23.647689,4.228743028547102,-2.208283439451521,-2.208283439451521,0.0,10000.0,100.0,0.0,-100.0,4.228743028547102,0.0,0
0xA9f484902d2905e4d95513C4e7d06CA08211bd4b,MATIC,AXLA,-0.02,2022-08-10 19:29:52,2022-08-10 13:30:00,2022-08-11 13:00:00,2.341566,-85.41292451291145,3.8141141441240323,0.0,3.8141141441240323,10000.0,-200.0,0.0,200.0,-85.41292451291145,0.0,0
0xA9f484902d2905e4d95513C4e7d06CA08211bd4b,MATIC,BDSX,-0.02,2022-08-10 19:29:52,2022-08-10 13:30:00,2022-08-11 13:00:00,2.515072,-79.5205862893786,-0.1425804112168682,0.0,-0.1425804112168682,10000.0,-200.0,0.0,200.0,-79.5205862893786,0.0,0
0xA9f484902d2905e4d95513C4e7d06CA08211bd4b,MATIC,BIMI,0.01,2022-08-10 19:29:52,2022-08-10 13:30:00,2022-08-11 13:00:00,0.524411,190.6901266373131,-2.7922755243501687,-2.7922755243501687,0.0,10000.0,100.0,0.0,-100.0,190.6901266373131,0.0,0
0xA9f484902d2905e4d95513C4e7d06CA08211bd4b,MATIC,BTCUSD,0.08822788001008319,2022-08-10 19:29:52,2022-08-10 13:30:00,2022-08-11 13:00:00,0.0,0.0,0.0,0.0,0.0,10000.0,0.0,0.0,0.0,0.0,0.0,0
0xA9f484902d2905e4d95513C4e7d06CA08211bd4b,MATIC,CAPR,-0.02,2022-08-10 19:29:52,2022-08-10 13:30:00,2022-08-11 13:00:00,4.801614,-41.652660959419066,-18.346039477558996,0.0,-18.346039477558996,10000.0,-200.0,0.0,200.0,-41.652660959419066,0.0,0
0xA9f484902d2905e4d95513C4e7d06CA08211bd4b,MATIC,CAR,0.01,2022-08-10 19:29:52,2022-08-10 13:30:00,2022-08-11 13:00:00,190.760437,0.5242177129212595,-2.4870985171836155,-2.4870985171836155,0.0,10000.0,100.0,0.0,-100.0,0.5242177129212595,0.0,0
0xA9f484902d2905e4d95513C4e7d06CA08211bd4b,MATIC,CDK,0.01,2022-08-10 19:29:52,2022-08-10 13:30:00,2022-08-11 13:00:00,0.0,0.0,0.0,0.0,0.0,10000.0,0.0,0.0,0.0,0.0,0.0,0
0xA9f484902d2905e4d95513C4e7d06CA08211bd4b,MATIC,CDLX,0.01,2022-08-10 19:29:52,2022-08-10 13:30:00,2022-08-11 13:00:00,16.857459,5.932092137966938,-1.5411575374438016,-1.5411575374438016,0.0,10000.0,100.0,0.0,-100.0,5.932092137966938,0.0,0
0xA9f484902d2905e4d95513C4e7d06CA08211bd4b,MATIC,CFRX,0.01,2022-08-10 19:29:52,2022-08-10 13:30:00,2022-08-11 13:00:00,0.290373,344.3846363126048,6.755793410544367,6.755793410544367,0.0,10000.0,100.0,0.0,-100.0,344.3846363126048,0.0,0
0xA9f484902d2905e4d95513C4e7d06CA08211bd4b,MATIC,INTU,0.01,2022-08-10 19:29:52,2022-08-10 13:30:00,2022-08-11 13:00:00,481.644787,0.20762188795370476,0.1565724410093102,0.1565724410093102,0.0,10000.0,100.0,0.0,-100.0,0.20762188795370476,0.0,0
0xA9f484902d2905e4d95513C4e7d06CA08211bd4b,MATIC,AAPL,0.09822788001008319,2022-08-10 19:29:52,2022-08-10 13:30:00,2022-08-11 13:00:00,170.075217,5.775555177453231,1.1452637139130981,1.1452637139130981,0.0,10000.0,982.2788001008319,0.0,-982.2788001008319,5.775555177453231,0.0,0
0xA9f484902d2905e4d95513C4e7d06CA08211bd4b,MATIC,CORN,0.07562389715149988,2022-08-10 19:29:52,2022-08-10 13:30:00,2022-08-11 13:00:00,25.242842,29.95855108212454,5.446494545281326,5.446494545281326,0.0,10000.0,756.2389715149988,0.0,-756.2389715149988,29.95855108212454,0.0,0
0xA9f484902d2905e4d95513C4e7d06CA08211bd4b,MATIC,ENDP,0.01,2022-08-10 19:29:52,2022-08-10 13:30:00,2022-08-11 13:00:00,0.408141,245.0133654790869,-7.300663251180343,-7.300663251180343,0.0,10000.0,100.0,0.0,-100.0,245.0133654790869,0.0,0
0xA9f484902d2905e4d95513C4e7d06CA08211bd4b,MATIC,CRWD,0.04554323166120494,2022-08-10 19:29:52,2022-08-10 13:30:00,2022-08-11 13:00:00,204.270468,2.2295553589863486,-9.361740194842467,-9.361740194842467,0.0,10000.0,455.4323166120494,0.0,-455.4323166120494,2.2295553589863486,0.0,0
0xA9f484902d2905e4d95513C4e7d06CA08211bd4b,MATIC,CSBR,-0.02,2022-08-10 19:29:52,2022-08-10 13:30:00,2022-08-11 13:00:00,9.681373,-20.658226885793987,3.519604089213409,0.0,3.519604089213409,10000.0,-200.0,0.0,200.0,-20.658226885793987,0.0,0
0xA9f484902d2905e4d95513C4e7d06CA08211bd4b,MATIC,DBVT,-0.02,2022-08-10 19:29:52,2022-08-10 13:30:00,2022-08-11 13:00:00,2.688081,-74.40251986454277,7.145245995191371,0.0,7.145245995191371,10000.0,-200.0,0.0,200.0,-74.40251986454277,0.0,0
0xA9f484902d2905e4d95513C4e7d06CA08211bd4b,MATIC,DOCU,0.01,2022-08-10 19:29:52,2022-08-10 13:30:00,2022-08-11 13:00:00,75.271622,1.328521922910071,-3.9385533634441945,-3.9385533634441945,0.0,10000.0,100.0,0.0,-100.0,1.328521922910071,0.0,0
0xA9f484902d2905e4d95513C4e7d06CA08211bd4b,MATIC,EAR,0.01,2022-08-10 19:29:52,2022-08-10 13:30:00,2022-08-11 13:00:00,0.97977,102.06477030323443,0.9304224460842864,0.9304224460842864,0.0,10000.0,100.0,0.0,-100.0,102.06477030323443,0.0,0
0xA9f484902d2905e4d95513C4e7d06CA08211bd4b,MATIC,ECOR,-0.02,2022-08-10 19:29:52,2022-08-10 13:30:00,2022-08-11 13:00:00,0.672872,-297.23335195995674,-2.0072168257855907,0.0,-2.0072168257855907,10000.0,-200.0,0.0,200.0,-297.23335195995674,0.0,0
0xA9f484902d2905e4d95513C4e7d06CA08211bd4b,MATIC,EHTH,0.01,2022-08-10 19:29:52,2022-08-10 13:30:00,2022-08-11 13:00:00,8.22835,12.15310481445247,5.243687981186992,5.243687981186992,0.0,10000.0,100.0,0.0,-100.0,12.15310481445247,0.0,0
0xA9f484902d2905e4d95513C4e7d06CA08211bd4b,MATIC,CREX,0.01,2022-08-10 19:29:52,2022-08-10 13:30:00,2022-08-11 13:00:00,0.676235,147.8775869335364,-1.3418412238349133,-1.3418412238349133,0.0,10000.0,100.0,0.0,-100.0,147.8775869335364,0.0,0
0xA9f484902d2905e4d95513C4e7d06CA08211bd4b,MATIC,EIGR,-0.02,2022-08-10 19:29:52,2022-08-10 13:30:00,2022-08-11 13:00:00,9.266934,-21.58211119233179,3.9784679593056316,0.0,3.9784679593056316,10000.0,-200.0,0.0,200.0,-21.58211119233179,0.0,0
0xA9f484902d2905e4d95513C4e7d06CA08211bd4b,MATIC,ETSY,0.01,2022-08-10 19:29:52,2022-08-10 13:30:00,2022-08-11 13:00:00,119.051423,0.8399731601696184,-0.6453396193340782,-0.6453396193340782,0.0,10000.0,100.0,0.0,-100.0,0.8399731601696184,0.0,0
0xA9f484902d2905e4d95513C4e7d06CA08211bd4b,MATIC,EYES,-0.02,2022-08-10 19:29:52,2022-08-10 13:30:00,2022-08-11 13:00:00,2.077703,-96.2601488278161,6.326024460666413,0.0,6.326024460666413,10000.0,-200.0,0.0,200.0,-96.2601488278161,0.0,0
0xA9f484902d2905e4d95513C4e7d06CA08211bd4b,MATIC,F,0.03453491303251827,2022-08-10 19:29:52,2022-08-10 13:30:00,2022-08-11 13:00:00,15.721397,21.966822053102707,4.780485715662364,4.780485715662364,0.0,10000.0,345.3491303251827,0.0,-345.3491303251827,21.966822053102707,0.0,0
0xA9f484902d2905e4d95513C4e7d06CA08211bd4b,MATIC,FANG,0.01,2022-08-10 19:29:52,2022-08-10 13:30:00,2022-08-11 13:00:00,129.833549,0.7702169490876353,0.7430198183983963,0.7430198183983963,0.0,10000.0,100.0,0.0,-100.0,0.7702169490876353,0.0,0
0xA9f484902d2905e4d95513C4e7d06CA08211bd4b,MATIC,FTMUSD,0.04764305520544492,2022-08-10 19:29:52,2022-08-10 13:30:00,2022-08-11 13:00:00,0.0,0.0,0.0,0.0,0.0,10000.0,0.0,0.0,0.0,0.0,0.0,0
0xA9f484902d2905e4d95513C4e7d06CA08211bd4b,MATIC,FTNT,0.01,2022-08-10 19:29:52,2022-08-10 13:30:00,2022-08-11 13:00:00,54.115378,1.847903566339313,-1.5866063062518028,-1.5866063062518028,0.0,10000.0,100.0,0.0,-100.0,1.847903566339313,0.0,0
0xA9f484902d2905e4d95513C4e7d06CA08211bd4b,MATIC,GHSI,0.01,2022-08-10 19:29:52,2022-08-10 13:30:00,2022-08-11 13:00:00,0.155862,641.5932042447806,3.114935006608409,3.114935006608409,0.0,10000.0,100.0,0.0,-100.0,641.5932042447806,0.0,0
0xA9f484902d2905e4d95513C4e7d06CA08211bd4b,MATIC,GOCO,0.01,2022-08-10 19:29:52,2022-08-10 13:30:00,2022-08-11 13:00:00,0.609913,163.95781037623397,16.85814206288436,16.85814206288436,0.0,10000.0,100.0,0.0,-100.0,163.95781037623397,0.0,0
0xA9f484902d2905e4d95513C4e7d06CA08211bd4b,MATIC,HYRE,0.01,2022-08-10 19:29:52,2022-08-10 13:30:00,2022-08-11 13:00:00,0.993629,100.64118498956854,-0.8512231426417672,-0.8512231426417672,0.0,10000.0,100.0,0.0,-100.0,100.64118498956854,0.0,0
0xA9f484902d2905e4d95513C4e7d06CA08211bd4b,MATIC,PLBC,-0.02,2022-08-10 19:29:52,2022-08-10 13:30:00,2022-08-11 13:00:00,32.1,-6.230529595015576,0.3097133956386293,0.0,0.3097133956386293,10000.0,-200.0,0.0,200.0,-6.230529595015576,0.0,0
0xA9f484902d2905e4d95513C4e7d06CA08211bd4b,MATIC,AAP,0.21428571428571425,2022-08-10 19:29:52,2022-08-10 13:30:00,2022-08-11 13:00:00,196.870895,10.884580693642617,18.454860988974495,18.454860988974495,0.0,10000.0,2142.8571428571427,0.0,-2142.8571428571427,10.884580693642617,0.0,0
0xA9f484902d2905e4d95513C4e7d06CA08211bd4b,MATIC,TTD,0.01,2022-08-10 19:29:52,2022-08-10 13:30:00,2022-08-11 13:00:00,74.882166,1.3354314564031173,-2.417694488164248,-2.417694488164248,0.0,10000.0,100.0,0.0,-100.0,1.3354314564031173,0.0,0
0xA9f484902d2905e4d95513C4e7d06CA08211bd4b,MATIC,LOGC,0.01,2022-08-10 19:29:52,2022-08-10 13:30:00,2022-08-11 13:00:00,0.620908,161.05445573257228,6.016672357257436,6.016672357257436,0.0,10000.0,100.0,0.0,-100.0,161.05445573257228,0.0,0
0xA9f484902d2905e4d95513C4e7d06CA08211bd4b,MATIC,LTRPB,-0.02,2022-08-10 19:29:52,2022-08-10 13:30:00,2022-08-11 13:00:00,26.204239,-7.632352918167171,-9.730669911841352,0.0,-9.730669911841352,10000.0,-200.0,0.0,200.0,-7.632352918167171,0.0,0
0xA9f484902d2905e4d95513C4e7d06CA08211bd4b,MATIC,LWAY,-0.02,2022-08-10 19:29:52,2022-08-10 13:30:00,2022-08-11 13:00:00,5.631887,-35.51207614783464,-69.08469576893144,0.0,-69.08469576893144,10000.0,-200.0,0.0,200.0,-35.51207614783464,0.0,0
0xA9f484902d2905e4d95513C4e7d06CA08211bd4b,MATIC,LYRA,-0.02,2022-08-10 19:29:52,2022-08-10 13:30:00,2022-08-11 13:00:00,6.431708,-31.095939056934796,4.78190241223638,0.0,4.78190241223638,10000.0,-200.0,0.0,200.0,-31.095939056934796,0.0,0
0xA9f484902d2905e4d95513C4e7d06CA08211bd4b,MATIC,MBCN,-0.02,2022-08-10 19:29:52,2022-08-10 13:30:00,2022-08-11 13:00:00,27.25,-7.339449541284404,4.78697247706423,0.0,4.78697247706423,10000.0,-200.0,0.0,200.0,-7.339449541284404,0.0,0
0xA9f484902d2905e4d95513C4e7d06CA08211bd4b,MATIC,MELI,0.01,2022-08-10 19:29:52,2022-08-10 13:30:00,2022-08-11 13:00:00,1073.809801,0.093126361769909,-1.4151345970067237,-1.4151345970067237,0.0,10000.0,100.0,0.0,-100.0,0.093126361769909,0.0,0
0xA9f484902d2905e4d95513C4e7d06CA08211bd4b,MATIC,META,0.47619047619047616,2022-08-10 19:29:52,2022-08-10 13:30:00,2022-08-11 13:00:00,180.886968,26.32530587778309,-26.678723109191903,-26.678723109191903,0.0,10000.0,4761.9047619047615,0.0,-4761.9047619047615,26.32530587778309,0.0,0
0xA9f484902d2905e4d95513C4e7d06CA08211bd4b,MATIC,MGTA,-0.02,2022-08-10 19:29:52,2022-08-10 13:30:00,2022-08-11 13:00:00,1.727077,-115.80259594679335,0.731756603787783,0.0,0.731756603787783,10000.0,-200.0,0.0,200.0,-115.80259594679335,0.0,0
0xA9f484902d2905e4d95513C4e7d06CA08211bd4b,MATIC,MSFT,0.01,2022-08-10 19:29:52,2022-08-10 13:30:00,2022-08-11 13:00:00,289.68802,0.34519894885539276,-0.5164952972511536,-0.5164952972511536,0.0,10000.0,100.0,0.0,-100.0,0.34519894885539276,0.0,0
0xA9f484902d2905e4d95513C4e7d06CA08211bd4b,MATIC,NFLX,0.3095238095238095,2022-08-10 19:29:52,2022-08-10 13:30:00,2022-08-11 13:00:00,248.255474,12.467955068084803,-35.694259205318495,-35.694259205318495,0.0,10000.0,3095.238095238095,0.0,-3095.238095238095,12.467955068084803,0.0,0
0xA9f484902d2905e4d95513C4e7d06CA08211bd4b,MATIC,NVDA,0.01,2022-08-10 19:29:52,2022-08-10 13:30:00,2022-08-11 13:00:00,182.706832,0.5473249079158682,0.741016077603499,0.741016077603499,0.0,10000.0,100.0,0.0,-100.0,0.5473249079158682,0.0,0
0xA9f484902d2905e4d95513C4e7d06CA08211bd4b,MATIC,OEG,0.01,2022-08-10 19:29:52,2022-08-10 13:30:00,2022-08-11 13:00:00,0.0,0.0,0.0,0.0,0.0,10000.0,0.0,0.0,0.0,0.0,0.0,0
0xA9f484902d2905e4d95513C4e7d06CA08211bd4b,MATIC,OILK,0.07562389715149988,2022-08-10 19:29:52,2022-08-10 13:30:00,2022-08-11 13:00:00,49.468519,15.287277379680575,-10.482042768202948,-10.482042768202948,0.0,10000.0,756.2389715149988,0.0,-756.2389715149988,15.287277379680575,0.0,0
0xA9f484902d2905e4d95513C4e7d06CA08211bd4b,MATIC,OKTA,0.01,2022-08-10 19:29:52,2022-08-10 13:30:00,2022-08-11 13:00:00,107.181986,0.932992601947122,-4.417456866305875,-4.417456866305875,0.0,10000.0,100.0,0.0,-100.0,0.932992601947122,0.0,0
0xA9f484902d2905e4d95513C4e7d06CA08211bd4b,MATIC,ONVO,-0.02,2022-08-10 19:29:52,2022-08-10 13:30:00,2022-08-11 13:00:00,3.496557,-57.19912473899324,16.68767304522706,0.0,16.68767304522706,10000.0,-200.0,0.0,200.0,-57.19912473899324,0.0,0
0xA9f484902d2905e4d95513C4e7d06CA08211bd4b,MATIC,OPEN,0.01,2022-08-10 19:29:52,2022-08-10 13:30:00,2022-08-11 13:00:00,6.082265,16.44124351701217,-0.8526264475487247,-0.8526264475487247,0.0,10000.0,100.0,0.0,-100.0,16.44124351701217,0.0,0
0xA9f484902d2905e4d95513C4e7d06CA08211bd4b,MATIC,KIRK,0.01,2022-08-10 19:29:52,2022-08-10 13:30:00,2022-08-11 13:00:00,3.273568,30.54770818874085,10.911519174185479,10.911519174185479,0.0,10000.0,100.0,0.0,-100.0,30.54770818874085,0.0,0
0xA9f484902d2905e4d95513C4e7d06CA08211bd4b,MATIC,PLRX,-0.02,2022-08-10 19:29:52,2022-08-10 13:30:00,2022-08-11 13:00:00,21.810859,-9.169744300304725,10.425210671436654,0.0,10.425210671436654,10000.0,-200.0,0.0,200.0,-9.169744300304725,0.0,0
0xA9f484902d2905e4d95513C4e7d06CA08211bd4b,MATIC,PRAX,0.01,2022-08-10 19:29:52,2022-08-10 13:30:00,2022-08-11 13:00:00,4.694594,21.301096537847574,-8.635336729864184,-8.635336729864184,0.0,10000.0,100.0,0.0,-100.0,21.301096537847574,0.0,0
0xA9f484902d2905e4d95513C4e7d06CA08211bd4b,MATIC,LHCG,0.01,2022-08-10 19:29:52,2022-08-10 13:30:00,2022-08-11 13:00:00,163.226675,0.6126449613704378,-0.3349961028122464,-0.3349961028122464,0.0,10000.0,100.0,0.0,-100.0,0.6126449613704378,0.0,0
0xA9f484902d2905e4d95513C4e7d06CA08211bd4b,MATIC,OPTN,-0.02,2022-08-10 19:29:52,2022-08-10 13:30:00,2022-08-11 13:00:00,3.625817,-55.15998187442995,-1.8556921102195696,0.0,-1.8556921102195696,10000.0,-200.0,0.0,200.0,-55.15998187442995,0.0,0
0xA9f484902d2905e4d95513C4e7d06CA08211bd4b,MATIC,PUBM,0.01,2022-08-10 19:29:52,2022-08-10 13:30:00,2022-08-11 13:00:00,22.675014,4.410140606748908,1.2474126807595391,1.2474126807595391,0.0,10000.0,100.0,0.0,-100.0,4.410140606748908,0.0,0
0xA9f484902d2905e4d95513C4e7d06CA08211bd4b,MATIC,PRCH,0.01,2022-08-10 19:29:52,2022-08-10 13:30:00,2022-08-11 13:00:00,3.263307,30.643761068143448,-2.4685388166053657,-2.4685388166053657,0.0,10000.0,100.0,0.0,-100.0,30.643761068143448,0.0,0
0xA9f484902d2905e4d95513C4e7d06CA08211bd4b,MATIC,ROKU,0.01,2022-08-10 19:29:52,2022-08-10 13:30:00,2022-08-11 13:00:00,85.136665,1.1745820675498624,-4.313198079816723,-4.313198079816723,0.0,10000.0,100.0,0.0,-100.0,1.1745820675498624,0.0,0
0xA9f484902d2905e4d95513C4e7d06CA08211bd4b,MATIC,RUBY,0.01,2022-08-10 19:29:52,2022-08-10 13:30:00,2022-08-11 13:00:00,0.795118,125.76749614522625,-3.535701619130738,-3.535701619130738,0.0,10000.0,100.0,0.0,-100.0,125.76749614522625,0.0,0
0xA9f484902d2905e4d95513C4e7d06CA08211bd4b,MATIC,SAL,-0.02,2022-08-10 19:29:52,2022-08-10 13:30:00,2022-08-11 13:00:00,23.382917,-8.553252787066729,-2.052532624565195,0.0,-2.052532624565195,10000.0,-200.0,0.0,200.0,-8.553252787066729,0.0,0
0xA9f484902d2905e4d95513C4e7d06CA08211bd4b,MATIC,SNGX,-0.02,2022-08-10 19:29:52,2022-08-10 13:30:00,2022-08-11 13:00:00,0.856201,-233.5900098224599,-6.227743251876614,0.0,-6.227743251876614,10000.0,-200.0,0.0,200.0,-233.5900098224599,0.0,0
0xA9f484902d2905e4d95513C4e7d06CA08211bd4b,MATIC,STIM,-0.02,2022-08-10 19:29:52,2022-08-10 13:30:00,2022-08-11 13:00:00,4.45126,-44.931098160970144,-1.4921168388276296,0.0,-1.4921168388276296,10000.0,-200.0,0.0,200.0,-44.931098160970144,0.0,0
0xA9f484902d2905e4d95513C4e7d06CA08211bd4b,MATIC,TNXP,0.01,2022-08-10 19:29:52,2022-08-10 13:30:00,2022-08-11 13:00:00,1.422845,70.28172429182378,-0.9807111807681106,-0.9807111807681106,0.0,10000.0,100.0,0.0,-100.0,70.28172429182378,0.0,0
0xA9f484902d2905e4d95513C4e7d06CA08211bd4b,MATIC,TSLA,0.01,2022-08-10 19:29:52,2022-08-10 13:30:00,2022-08-11 13:00:00,884.89258,0.11300806703566212,-1.9525317977013588,-1.9525317977013588,0.0,10000.0,100.0,0.0,-100.0,0.11300806703566212,0.0,0
0xA9f484902d2905e4d95513C4e7d06CA08211bd4b,MATIC,TTNP,-0.02,2022-08-10 19:29:52,2022-08-10 13:30:00,2022-08-11 13:00:00,1.318895,-151.6420943289648,-14.167920873155198,0.0,-14.167920873155198,10000.0,-200.0,0.0,200.0,-151.6420943289648,0.0,0
0xA9f484902d2905e4d95513C4e7d06CA08211bd4b,MATIC,REAL,0.01,2022-08-10 19:29:52,2022-08-10 13:30:00,2022-08-11 13:00:00,3.490856,28.64626899534097,-17.949666213673662,-17.949666213673662,0.0,10000.0,100.0,0.0,-100.0,28.64626899534097,0.0,0
0xA9f484902d2905e4d95513C4e7d06CA08211bd4b,MATIC,TTOO,0.01,2022-08-10 19:29:52,2022-08-10 13:30:00,2022-08-11 13:00:00,0.262804,380.51171215050005,-25.175415899301374,-25.175415899301374,0.0,10000.0,100.0,0.0,-100.0,380.51171215050005,0.0,0
0xA9f484902d2905e4d95513C4e7d06CA08211bd4b,MATIC,UPST,0.01,2022-08-10 19:29:52,2022-08-10 13:30:00,2022-08-11 13:00:00,34.241175,2.9204605274205693,-1.67521996543634,-1.67521996543634,0.0,10000.0,100.0,0.0,-100.0,2.9204605274205693,0.0,0
0xA9f484902d2905e4d95513C4e7d06CA08211bd4b,MATIC,UUP,0.25207965717166625,2022-08-10 19:29:52,2022-08-10 13:30:00,2022-08-11 13:00:00,28.005428,90.01099971465041,24.267325567068706,24.267325567068706,0.0,10000.0,2520.7965717166626,0.0,-2520.7965717166626,90.01099971465041,0.0,0
0xA9f484902d2905e4d95513C4e7d06CA08211bd4b,MATIC,UUUU,0.22687169145449965,2022-08-10 19:29:52,2022-08-10 13:30:00,2022-08-11 13:00:00,7.124973,318.41761569412216,-54.58665027605909,-54.58665027605909,0.0,10000.0,2268.7169145449966,0.0,-2268.7169145449966,318.41761569412216,0.0,0
0xA9f484902d2905e4d95513C4e7d06CA08211bd4b,MATIC,VERU,-0.02,2022-08-10 19:29:52,2022-08-10 13:30:00,2022-08-11 13:00:00,16.116619,-12.409550663200514,1.647107249975934,0.0,1.647107249975934,10000.0,-200.0,0.0,200.0,-12.409550663200514,0.0,0
0xA9f484902d2905e4d95513C4e7d06CA08211bd4b,MATIC,VRM,0.01,2022-08-10 19:29:52,2022-08-10 13:30:00,2022-08-11 13:00:00,1.819164,54.97030504121673,1.922861270341762,1.922861270341762,0.0,10000.0,100.0,0.0,-100.0,54.97030504121673,0.0,0
0xA9f484902d2905e4d95513C4e7d06CA08211bd4b,MATIC,WEAT,0.07562389715149988,2022-08-10 19:29:52,2022-08-10 13:30:00,2022-08-11 13:00:00,8.448311,89.5136284063168,-21.443705793760493,-21.443705793760493,0.0,10000.0,756.2389715149988,0.0,-756.2389715149988,89.5136284063168,0.0,0
0xA9f484902d2905e4d95513C4e7d06CA08211bd4b,MATIC,ZM,0.01,2022-08-10 19:29:52,2022-08-10 13:30:00,2022-08-11 13:00:00,113.108977,0.8841031247236901,-4.354402391951609,-4.354402391951609,0.0,10000.0,100.0,0.0,-100.0,0.8841031247236901,0.0,0
0xA9f484902d2905e4d95513C4e7d06CA08211bd4b,MATIC,PTON,0.01,2022-08-10 19:29:52,2022-08-10 13:30:00,2022-08-11 13:00:00,12.826539,7.796335394918302,-4.578351182653404,-4.578351182653404,0.0,10000.0,100.0,0.0,-100.0,7.796335394918302,0.0,0
0xA9f484902d2905e4d95513C4e7d06CA08211bd4b,MATIC,ALNA,0.015384615384615384,2022-08-12 03:38:13,2022-08-12 13:30:00,2022-08-12 14:00:00,0.116054,1289.8010876725666,3.0349019592935416,3.0349019592935416,0.0,9729.627402868882,149.68657542875204,87.52847122709103,-62.158104201661004,535.5963965193876,754.2046911531789,0
0xA9f484902d2905e4d95513C4e7d06CA08211bd4b,MATIC,AGLE,0.015384615384615384,2022-08-12 03:38:13,2022-08-12 13:30:00,2022-08-12 14:00:00,0.489144,306.01740066064804,8.904494324423524,8.904494324423524,0.0,9729.627402868882,149.68657542875204,102.51947610993392,-47.16709931881812,96.42783989749054,209.5895607631575,0
0xA9f484902d2905e4d95513C4e7d06CA08211bd4b,MATIC,AAP,0.21428571428571425,2022-08-12 03:38:13,2022-08-12 13:30:00,2022-08-12 14:00:00,198.5664,10.499863812596782,134.21486617988828,134.21486617988828,0.0,9729.627402868882,2084.9201577576173,2161.312003846117,76.39184608849973,-0.38471688104583524,10.884580693642617,0
0xA9f484902d2905e4d95513C4e7d06CA08211bd4b,MATIC,ADTX,0.015384615384615384,2022-08-12 03:38:13,2022-08-12 13:30:00,2022-08-12 14:00:00,0.17378,861.3567466264935,-5.163833696025829,-5.163833696025829,0.0,9729.627402868882,149.68657542875204,103.04119157313032,-46.645383855621716,268.4162956359864,592.9404509905071,0
0xA9f484902d2905e4d95513C4e7d06CA08211bd4b,MATIC,AAPL,0.10802622470171437,2022-08-12 03:38:13,2022-08-12 13:30:00,2022-08-12 14:00:00,170.273512,6.172744684365655,15.831293846694713,15.831293846694713,0.0,9729.627402868882,1051.0549160862715,983.424063814745,-67.63085227152658,0.3971895069124232,5.775555177453231,0
0xA9f484902d2905e4d95513C4e7d06CA08211bd4b,MATIC,COGT,0.0,2022-08-12 03:38:13,2022-08-12 13:30:00,2022-08-12 14:00:00,13.757844,0.0,0.0,0.0,0.0,9729.627402868882,0.0,-194.5504882483555,-194.5504882483555,14.14105932938006,-14.14105932938006,0
0xA9f484902d2905e4d95513C4e7d06CA08211bd4b,MATIC,ADVM,0.0,2022-08-12 03:38:13,2022-08-12 13:30:00,2022-08-12 14:00:00,1.507184,0.0,0.0,0.0,0.0,9729.627402868882,0.0,-194.3871908418311,-194.3871908418311,128.97376222268224,-128.97376222268224,0
0xA9f484902d2905e4d95513C4e7d06CA08211bd4b,MATIC,ALRN,0.0,2022-08-12 03:38:13,2022-08-12 13:30:00,2022-08-12 14:00:00,0.210206,0.0,0.0,0.0,0.0,9729.627402868882,0.0,101.31923323484473,101.31923323484473,-481.99972044016215,481.99972044016215,0
0xA9f484902d2905e4d95513C4e7d06CA08211bd4b,MATIC,AXLA,-0.030769230769230767,2022-08-12 03:38:13,2022-08-12 13:30:00,2022-08-12 14:00:00,2.296911,-130.33728814808413,-55.353203578186125,0.0,-55.353203578186125,9729.627402868882,-299.3731508575041,-196.18588585587597,103.1872650016281,-44.924363635172675,-85.41292451291145,0
0xA9f484902d2905e4d95513C4e7d06CA08211bd4b,MATIC,AMZN,0.0,2022-08-12 03:38:13,2022-08-12 13:30:00,2022-08-12 14:00:00,140.828812,0.0,0.0,0.0,0.0,9729.627402868882,0.0,98.03529431239993,98.03529431239993,-0.6961309473547211,0.6961309473547211,0
0xA9f484902d2905e4d95513C4e7d06CA08211bd4b,MATIC,APPS,0.015384615384615384,2022-08-12 03:38:13,2022-08-12 13:30:00,2022-08-12 14:00:00,23.125481,6.47279835730777,10.460508186891076,10.460508186891076,0.0,9729.627402868882,149.68657542875204,97.79171656054847,-51.89485886820357,2.2440553287606675,4.228743028547102,0
0xA9f484902d2905e4d95513C4e7d06CA08211bd4b,MATIC,BDSX,-0.030769230769230767,2022-08-12 03:38:13,2022-08-12 13:30:00,2022-08-12 14:00:00,2.516865,-118.94684492712325,15.721918175087477,0.0,15.721918175087477,9729.627402868882,-299.3731508575041,-200.14258041121687,99.2305704462872,-39.42625863774465,-79.5205862893786,0
0xA9f484902d2905e4d95513C4e7d06CA08211bd4b,MATIC,BIMI,0.0,2022-08-12 03:38:13,2022-08-12 13:30:00,2022-08-12 14:00:00,0.509768,0.0,0.0,0.0,0.0,9729.627402868882,0.0,97.20772447564983,97.20772447564983,-190.6901266373131,190.6901266373131,0
0xA9f484902d2905e4d95513C4e7d06CA08211bd4b,MATIC,CAPR,-0.030769230769230767,2022-08-12 03:38:13,2022-08-12 13:30:00,2022-08-12 14:00:00,5.242067,-57.1097528622782,4.00562095600729,0.0,4.00562095600729,9729.627402868882,-299.3731508575041,-218.346039477559,81.02711137994507,-15.457091902859135,-41.652660959419066,0
0xA9f484902d2905e4d95513C4e7d06CA08211bd4b,MATIC,CAR,0.0,2022-08-12 03:38:13,2022-08-12 13:30:00,2022-08-12 14:00:00,186.016037,0.0,0.0,0.0,0.0,9729.627402868882,0.0,97.51290148281639,97.51290148281639,-0.5242177129212595,0.5242177129212595,0
0xA9f484902d2905e4d95513C4e7d06CA08211bd4b,MATIC,CREX,0.015384615384615384,2022-08-12 03:38:13,2022-08-12 13:30:00,2022-08-12 14:00:00,0.667161,224.3634976096505,-0.8072598643995202,-0.8072598643995202,0.0,9729.627402868882,149.68657542875204,98.65815877616508,-51.028416652586955,76.48591067611409,147.8775869335364,0
0xA9f484902d2905e4d95513C4e7d06CA08211bd4b,MATIC,CDLX,0.0,2022-08-12 03:38:13,2022-08-12 13:30:00,2022-08-12 14:00:00,16.597659,0.0,0.0,0.0,0.0,9729.627402868882,0.0,98.45884246255619,98.45884246255619,-5.932092137966938,5.932092137966938,0
0xA9f484902d2905e4d95513C4e7d06CA08211bd4b,MATIC,AMD,0.015384615384615384,2022-08-12 03:38:13,2022-08-12 13:30:00,2022-08-12 14:00:00,100.732522,1.4859806193351541,-0.4982270119537856,-0.4982270119537856,0.0,9729.627402868882,149.68657542875204,100.36105462490629,-49.32552080384575,0.48966828015926916,0.9963123391758849,0
0xA9f484902d2905e4d95513C4e7d06CA08211bd4b,MATIC,KIRK,0.0,2022-08-12 03:38:13,2022-08-12 13:30:00,2022-08-12 14:00:00,3.630764,0.0,0.0,0.0,0.0,9729.627402868882,0.0,110.91151917418549,110.91151917418549,-30.54770818874085,30.54770818874085,0
0xA9f484902d2905e4d95513C4e7d06CA08211bd4b,MATIC,ETSY,0.015384615384615384,2022-08-12 03:38:13,2022-08-12 13:30:00,2022-08-12 14:00:00,118.283137,1.2654937907907535,4.5210575592025775,4.5210575592025775,0.0,9729.627402868882,149.68657542875204,99.35466038066592,-50.33191504808612,0.4255206306211351,0.8399731601696184,0
0xA9f484902d2905e4d95513C4e7d06CA08211bd4b,MATIC,HYRE,0.0,2022-08-12 03:38:13,2022-08-12 13:30:00,2022-08-12 14:00:00,0.985171,0.0,0.0,0.0,0.0,9729.627402868882,0.0,99.14877685735823,99.14877685735823,-100.64118498956854,100.64118498956854,0
0xA9f484902d2905e4d95513C4e7d06CA08211bd4b,MATIC,CFRX,0.015384615384615384,2022-08-12 03:38:13,2022-08-12 13:30:00,2022-08-12 14:00:00,0.30999,482.8754973668572,10.618432187097195,10.618432187097195,0.0,9729.627402868882,149.68657542875204,106.75579341054436,-42.93078201820768,138.49086105425235,344.3846363126048,0
0xA9f484902d2905e4d95513C4e7d06CA08211bd4b,MATIC,ENDP,0.0,2022-08-12 03:38:13,2022-08-12 13:30:00,2022-08-12 14:00:00,0.378344,0.0,0.0,0.0,0.0,9729.627402868882,0.0,92.69933674881966,92.69933674881966,-245.0133654790869,245.0133654790869,0
0xA9f484902d2905e4d95513C4e7d06CA08211bd4b,MATIC,CRWD,0.05270594942378955,2022-08-12 03:38:13,2022-08-12 13:30:00,2022-08-12 14:00:00,200.071541,2.563129404835864,-0.6211410905796884,-0.6211410905796884,0.0,9729.627402868882,512.8092498079242,446.07057641720695,-66.73867339071722,0.3335740458495155,2.2295553589863486,0
0xA9f484902d2905e4d95513C4e7d06CA08211bd4b,MATIC,CSBR,-0.030769230769230767,2022-08-12 03:38:13,2022-08-12 13:30:00,2022-08-12 14:00:00,9.511,-31.476516755073504,0.975772019407241,0.0,0.975772019407241,9729.627402868882,-299.3731508575041,-196.4803959107866,102.89275494671747,-10.818289869279516,-20.658226885793987,0
0xA9f484902d2905e4d95513C4e7d06CA08211bd4b,MATIC,DBVT,-0.030769230769230767,2022-08-12 03:38:13,2022-08-12 13:30:00,2022-08-12 14:00:00,2.592046,-115.49685108115523,-10.017619378524,0.0,-10.017619378524,9729.627402868882,-299.3731508575041,-192.85475400480863,106.51839685269545,-41.09433121661246,-74.40251986454277,0
0xA9f484902d2905e4d95513C4e7d06CA08211bd4b,MATIC,DOCU,0.0,2022-08-12 03:38:13,2022-08-12 13:30:00,2022-08-12 14:00:00,72.307009,0.0,0.0,0.0,0.0,9729.627402868882,0.0,96.06144663655581,96.06144663655581,-1.328521922910071,1.328521922910071,0
0xA9f484902d2905e4d95513C4e7d06CA08211bd4b,MATIC,EAR,0.015384615384615384,2022-08-12 03:38:13,2022-08-12 13:30:00,2022-08-12 14:00:00,0.988886,151.36888926403248,74.81301393652318,74.81301393652318,0.0,9729.627402868882,149.68657542875204,100.93042244608428,-48.75615298266776,49.304118960798064,102.06477030323443,0
0xA9f484902d2905e4d95513C4e7d06CA08211bd4b,MATIC,ECOR,-0.030769230769230767,2022-08-12 03:38:13,2022-08-12 13:30:00,2022-08-12 14:00:00,0.679625,-440.4975550597816,24.837895139600864,0.0,24.837895139600864,9729.627402868882,-299.3731508575041,-202.0072168257856,97.36593403171847,-143.26420309982484,-297.23335195995674,0
0xA9f484902d2905e4d95513C4e7d06CA08211bd4b,MATIC,EHTH,0.0,2022-08-12 03:38:13,2022-08-12 13:30:00,2022-08-12 14:00:00,8.659819,0.0,0.0,0.0,0.0,9729.627402868882,0.0,105.243687981187,105.243687981187,-12.15310481445247,12.15310481445247,0
0xA9f484902d2905e4d95513C4e7d06CA08211bd4b,MATIC,EIGR,0.0,2022-08-12 03:38:13,2022-08-12 13:30:00,2022-08-12 14:00:00,9.082593,0.0,0.0,0.0,0.0,9729.627402868882,0.0,-196.02153204069435,-196.02153204069435,21.58211119233179,-21.58211119233179,0
0xA9f484902d2905e4d95513C4e7d06CA08211bd4b,MATIC,AAL,0.0,2022-08-12 03:38:13,2022-08-12 13:30:00,2022-08-12 14:00:00,15.096598,0.0,0.0,0.0,0.0,9729.627402868882,0.0,99.03056745757225,99.03056745757225,-6.559793634140105,6.559793634140105,0
0xA9f484902d2905e4d95513C4e7d06CA08211bd4b,MATIC,EYES,-0.030769230769230767,2022-08-12 03:38:13,2022-08-12 13:30:00,2022-08-12 14:00:00,2.011985,-148.79492185950892,14.428197187951005,0.0,14.428197187951005,9729.627402868882,-299.3731508575041,-193.67397553933358,105.69917531817049,-52.53477303169282,-96.2601488278161,0
0xA9f484902d2905e4d95513C4e7d06CA08211bd4b,MATIC,F,0.036262572789835884,2022-08-12 03:38:13,2022-08-12 13:30:00,2022-08-12 14:00:00,15.93902,22.135697295976463,13.144088511561664,13.144088511561664,0.0,9729.627402868882,352.8213219145147,350.12961604084506,-2.6917058736696617,0.16887524287375646,21.966822053102707,0
0xA9f484902d2905e4d95513C4e7d06CA08211bd4b,MATIC,FANG,0.015384615384615384,2022-08-12 03:38:13,2022-08-12 13:30:00,2022-08-12 14:00:00,130.798238,1.144408194770575,-6.39483511833391,-6.39483511833391,0.0,9729.627402868882,149.68657542875204,100.7430198183984,-48.94355561035364,0.3741912456829399,0.7702169490876353,0
0xA9f484902d2905e4d95513C4e7d06CA08211bd4b,MATIC,FTNT,0.015384615384615384,2022-08-12 03:38:13,2022-08-12 13:30:00,2022-08-12 14:00:00,53.25678,2.810657636994802,-0.4961738246316011,-0.4961738246316011,0.0,9729.627402868882,149.68657542875204,98.4133936937482,-51.27318173500383,0.962754070655489,1.847903566339313,0
0xA9f484902d2905e4d95513C4e7d06CA08211bd4b,MATIC,GHSI,0.0,2022-08-12 03:38:13,2022-08-12 13:30:00,2022-08-12 14:00:00,0.160717,0.0,0.0,0.0,0.0,9729.627402868882,0.0,103.1149350066084,103.1149350066084,-641.5932042447806,641.5932042447806,0
0xA9f484902d2905e4d95513C4e7d06CA08211bd4b,MATIC,GOCO,0.015384615384615384,2022-08-12 03:38:13,2022-08-12 13:30:00,2022-08-12 14:00:00,0.712733,210.01774216817805,-24.78230359358716,-24.78230359358716,0.0,9729.627402868882,149.68657542875204,116.85814206288435,-32.82843336586768,46.05993179194409,163.95781037623397,0
0xA9f484902d2905e4d95513C4e7d06CA08211bd4b,MATIC,INTU,0.0,2022-08-12 03:38:13,2022-08-12 13:30:00,2022-08-12 14:00:00,482.39891,0.0,0.0,0.0,0.0,9729.627402868882,0.0,100.1565724410093,100.1565724410093,-0.20762188795370476,0.20762188795370476,0
0xA9f484902d2905e4d95513C4e7d06CA08211bd4b,MATIC,INZY,-0.030769230769230767,2022-08-12 03:38:13,2022-08-12 13:30:00,2022-08-12 14:00:00,3.511424,-85.25690741348924,-8.504461771402958,0.0,-8.504461771402958,9729.627402868882,-299.3731508575041,-194.21394194804975,105.15920890945432,-29.94773884026945,-55.3091685732198,0
0xA9f484902d2905e4d95513C4e7d06CA08211bd4b,MATIC,CORN,0.07940709370037057,2022-08-12 03:38:13,2022-08-12 13:30:00,2022-08-12 14:00:00,25.424643,30.38789708273593,-21.258187671095804,-21.258187671095804,0.0,9729.627402868882,772.6014348493024,761.6854660602801,-10.915968789022372,0.42934600061139,29.95855108212454,0
0xA9f484902d2905e4d95513C4e7d06CA08211bd4b,MATIC,LHCG,0.015384615384615384,2022-08-12 03:38:13,2022-08-12 13:30:00,2022-08-12 14:00:00,162.679872,0.9201296607164287,-0.18557819088090755,-0.18557819088090755,0.0,9729.627402868882,149.68657542875204,99.66500389718776,-50.02157153156428,0.3074846993459909,0.6126449613704378,0
0xA9f484902d2905e4d95513C4e7d06CA08211bd4b,MATIC,LTRPB,-0.030769230769230767,2022-08-12 03:38:13,2022-08-12 13:30:00,2022-08-12 14:00:00,27.479163,-10.894551295376212,-169.71035216398,0.0,-169.71035216398,9729.627402868882,-299.3731508575041,-209.73066991184135,89.64248094566273,-3.262198377209041,-7.632352918167171,0
0xA9f484902d2905e4d95513C4e7d06CA08211bd4b,MATIC,REAL,0.015384615384615384,2022-08-12 03:38:13,2022-08-12 13:30:00,2022-08-12 14:00:00,2.864259,52.26013968316134,23.570577240458153,23.570577240458153,0.0,9729.627402868882,149.68657542875204,82.05033378632633,-67.6362416424257,23.613870687820373,28.64626899534097,0
0xA9f484902d2905e4d95513C4e7d06CA08211bd4b,MATIC,MBCN,-0.030769230769230767,2022-08-12 03:38:13,2022-08-12 13:30:00,2022-08-12 14:00:00,26.597775,-11.255571221935071,-19.766842835251598,0.0,-19.766842835251598,9729.627402868882,-299.3731508575041,-195.2130275229358,104.16012333456828,-3.916121680650667,-7.339449541284404,0
0xA9f484902d2905e4d95513C4e7d06CA08211bd4b,MATIC,MELI,0.0,2022-08-12 03:38:13,2022-08-12 13:30:00,2022-08-12 14:00:00,1058.613947,0.0,0.0,0.0,0.0,9729.627402868882,0.0,98.58486540299327,98.58486540299327,-0.093126361769909,0.093126361769909,0
0xA9f484902d2905e4d95513C4e7d06CA08211bd4b,MATIC,META,0.47619047619047616,2022-08-12 03:38:13,2022-08-12 13:30:00,2022-08-12 14:00:00,179.873543,25.75785092601438,-7.458159977777111,-7.458159977777111,0.0,9729.627402868882,4633.155906128039,4735.22603879557,102.07013266753165,-0.5674549517687081,26.32530587778309,0
0xA9f484902d2905e4d95513C4e7d06CA08211bd4b,MATIC,MGTA,-0.030769230769230767,2022-08-12 03:38:13,2022-08-12 13:30:00,2022-08-12 14:00:00,1.720758,-173.97748600181086,13.384783908063326,0.0,13.384783908063326,9729.627402868882,-299.3731508575041,-199.26824339621223,100.10490746129184,-58.17489005501752,-115.80259594679335,0
0xA9f484902d2905e4d95513C4e7d06CA08211bd4b,MATIC,NFLX,0.3095238095238095,2022-08-12 03:38:13,2022-08-12 13:30:00,2022-08-12 14:00:00,245.392594,12.272380718153315,19.8101874066694,19.8101874066694,0.0,9729.627402868882,3011.551338983225,3059.5438360327767,47.99249704955173,-0.19557434993148867,12.467955068084803,0
0xA9f484902d2905e4d95513C4e7d06CA08211bd4b,MATIC,NVDA,0.0,2022-08-12 03:38:13,2022-08-12 13:30:00,2022-08-12 14:00:00,184.060719,0.0,0.0,0.0,0.0,9729.627402868882,0.0,100.74101607760349,100.74101607760349,-0.5473249079158682,0.5473249079158682,0
0xA9f484902d2905e4d95513C4e7d06CA08211bd4b,MATIC,MSFT,0.015384615384615384,2022-08-12 03:38:13,2022-08-12 13:30:00,2022-08-12 14:00:00,288.191795,0.5193991571784756,2.337361651596927,2.337361651596927,0.0,9729.627402868882,149.68657542875204,99.48350470274885,-50.20307072600319,0.17420020832308286,0.34519894885539276,0
0xA9f484902d2905e4d95513C4e7d06CA08211bd4b,MATIC,OKTA,0.015384615384615384,2022-08-12 03:38:13,2022-08-12 13:30:00,2022-08-12 14:00:00,102.447268,1.4611085131987323,5.680369100064881,5.680369100064881,0.0,9729.627402868882,149.68657542875204,95.58254313369412,-54.10403229505792,0.5281159112516102,0.932992601947122,0
0xA9f484902d2905e4d95513C4e7d06CA08211bd4b,MATIC,OPTN,-0.030769230769230767,2022-08-12 03:38:13,2022-08-12 13:30:00,2022-08-12 14:00:00,3.659459,-81.80803524715103,-27.069460782929813,0.0,-27.069460782929813,9729.627402868882,-299.3731508575041,-201.85569211021956,97.51745874728451,-26.64805337272108,-55.15998187442995,0
0xA9f484902d2905e4d95513C4e7d06CA08211bd4b,MATIC,PTON,0.0,2022-08-12 03:38:13,2022-08-12 13:30:00,2022-08-12 14:00:00,12.239295,0.0,0.0,0.0,0.0,9729.627402868882,0.0,95.4216488173466,95.4216488173466,-7.796335394918302,7.796335394918302,0
0xA9f484902d2905e4d95513C4e7d06CA08211bd4b,MATIC,PRAX,0.015384615384615384,2022-08-12 03:38:13,2022-08-12 13:30:00,2022-08-12 14:00:00,4.2892,34.898483500128705,1.0939627622785428,1.0939627622785428,0.0,9729.627402868882,149.68657542875204,91.36466327013582,-58.321912158616215,13.597386962281128,21.301096537847574,0
0xA9f484902d2905e4d95513C4e7d06CA08211bd4b,MATIC,PLRX,-0.030769230769230767,2022-08-12 03:38:13,2022-08-12 13:30:00,2022-08-12 14:00:00,20.673945,-14.480697847338961,8.668435345374053,0.0,8.668435345374053,9729.627402868882,-299.3731508575041,-189.57478932856336,109.79836152894072,-5.310953547034236,-9.169744300304725,0
0xA9f484902d2905e4d95513C4e7d06CA08211bd4b,MATIC,PRCH,0.015384615384615384,2022-08-12 03:38:13,2022-08-12 13:30:00,2022-08-12 14:00:00,3.182751,47.03056425989719,-8.396225545626681,-8.396225545626681,0.0,9729.627402868882,149.68657542875204,97.53146118339463,-52.15511424535741,16.38680319175374,30.643761068143448,0
0xA9f484902d2905e4d95513C4e7d06CA08211bd4b,MATIC,OPEN,0.0,2022-08-12 03:38:13,2022-08-12 13:30:00,2022-08-12 14:00:00,6.030406,0.0,-0.0,0.0,-0.0,9729.627402868882,0.0,99.14737355245128,99.14737355245128,-16.44124351701217,16.44124351701217,0
0xA9f484902d2905e4d95513C4e7d06CA08211bd4b,MATIC,ONVO,0.0,2022-08-12 03:38:13,2022-08-12 13:30:00,2022-08-12 14:00:00,3.20481,0.0,0.0,0.0,0.0,9729.627402868882,0.0,-183.31232695477294,-183.31232695477294,57.19912473899324,-57.19912473899324,0
0xA9f484902d2905e4d95513C4e7d06CA08211bd4b,MATIC,OILK,0.07940709370037057,2022-08-12 03:38:13,2022-08-12 13:30:00,2022-08-12 14:00:00,48.782848,15.83756312975623,-38.99570722741656,-38.99570722741656,0.0,9729.627402868882,772.6014348493024,745.7569287467958,-26.84450610250667,0.5502857500756551,15.287277379680575,0
0xA9f484902d2905e4d95513C4e7d06CA08211bd4b,MATIC,ROKU,0.015384615384615384,2022-08-12 03:38:13,2022-08-12 13:30:00,2022-08-12 14:00:00,81.464552,1.8374442840949037,7.089407606434808,7.089407606434808,0.0,9729.627402868882,149.68657542875204,95.68680192018327,-53.999773508568765,0.6628622165450412,1.1745820675498624,0
0xA9f484902d2905e4d95513C4e7d06CA08211bd4b,MATIC,UUP,0.2646903123345686,2022-08-12 03:38:13,2022-08-12 13:30:00,2022-08-12 14:00:00,28.275032,91.08170474092981,9.157445676357803,9.157445676357803,0.0,9729.627402868882,2575.338116164342,2545.063897283731,-30.274218880610988,1.070705026279404,90.01099971465041,0
0xA9f484902d2905e4d95513C4e7d06CA08211bd4b,MATIC,UUUU,0.2382212811011117,2022-08-12 03:38:13,2022-08-12 13:30:00,2022-08-12 14:00:00,6.953542,333.32714529485946,-53.58000531613162,-53.58000531613162,0.0,9729.627402868882,2317.8043045479076,2214.1302642689375,-103.6740402789701,14.909529600737308,318.41761569412216,0
0xA9f484902d2905e4d95513C4e7d06CA08211bd4b,MATIC,TNXP,0.015384615384615384,2022-08-12 03:38:13,2022-08-12 13:30:00,2022-08-12 14:00:00,1.408891,106.24425553769032,9.06199753183178,9.06199753183178,0.0,9729.627402868882,149.68657542875204,99.01928881923189,-50.66728660952015,35.962531245866536,70.28172429182378,0
0xA9f484902d2905e4d95513C4e7d06CA08211bd4b,MATIC,TSLA,0.015384615384615384,2022-08-12 03:38:13,2022-08-12 13:30:00,2022-08-12 14:00:00,867.614771,0.17252654107793197,9.831511206596494,9.831511206596494,0.0,9729.627402868882,149.68657542875204,98.04746820229863,-51.639107226453405,0.059518474042269856,0.11300806703566212,0
0xA9f484902d2905e4d95513C4e7d06CA08211bd4b,MATIC,TTD,0.015384615384615384,2022-08-12 03:38:13,2022-08-12 13:30:00,2022-08-12 14:00:00,73.071744,2.0484877906944723,1.8384133192709815,1.8384133192709815,0.0,9729.627402868882,149.68657542875204,97.58230551183574,-52.104269916916294,0.7130563342913547,1.3354314564031173,0
0xA9f484902d2905e4d95513C4e7d06CA08211bd4b,MATIC,TTNP,0.0,2022-08-12 03:38:13,2022-08-12 13:30:00,2022-08-12 14:00:00,1.412325,0.0,0.0,0.0,0.0,9729.627402868882,0.0,-214.1679208731552,-214.1679208731552,151.6420943289648,-151.6420943289648,0
0xA9f484902d2905e4d95513C4e7d06CA08211bd4b,MATIC,TTOO,0.015384615384615384,2022-08-12 03:38:13,2022-08-12 13:30:00,2022-08-12 14:00:00,0.196642,761.2136544011555,-27.18370081231968,-27.18370081231968,0.0,9729.627402868882,149.68657542875204,74.82458410069863,-74.8619913280534,380.7019422506555,380.51171215050005,0
0xA9f484902d2905e4d95513C4e7d06CA08211bd4b,MATIC,UPST,0.0,2022-08-12 03:38:13,2022-08-12 13:30:00,2022-08-12 14:00:00,33.66756,0.0,0.0,0.0,0.0,9729.627402868882,0.0,98.32478003456367,98.32478003456367,-2.9204605274205693,2.9204605274205693,0
0xA9f484902d2905e4d95513C4e7d06CA08211bd4b,MATIC,SNGX,-0.030769230769230767,2022-08-12 03:38:13,2022-08-12 13:30:00,2022-08-12 14:00:00,0.882862,-339.0939363768109,-0.23770484940012807,0.0,-0.23770484940012807,9729.627402868882,-299.3731508575041,-206.2277432518766,93.14540760562747,-105.50392655435104,-233.5900098224599,0
0xA9f484902d2905e4d95513C4e7d06CA08211bd4b,MATIC,VERU,-0.030769230769230767,2022-08-12 03:38:13,2022-08-12 13:30:00,2022-08-12 14:00:00,15.98389,-18.729680375522108,-134.57024372095597,0.0,-134.57024372095597,9729.627402868882,-299.3731508575041,-198.35289275002407,101.02025810748,-6.320129712321593,-12.409550663200514,0
0xA9f484902d2905e4d95513C4e7d06CA08211bd4b,MATIC,VRM,0.0,2022-08-12 03:38:13,2022-08-12 13:30:00,2022-08-12 14:00:00,1.854144,0.0,0.0,0.0,0.0,9729.627402868882,0.0,101.92286127034176,101.92286127034176,-54.97030504121673,54.97030504121673,0
0xA9f484902d2905e4d95513C4e7d06CA08211bd4b,MATIC,WEAT,0.07940709370037057,2022-08-12 03:38:13,2022-08-12 13:30:00,2022-08-12 14:00:00,8.208753,94.11922064767967,-4.885728743821001,-4.885728743821001,0.0,9729.627402868882,772.6014348493024,734.7952657212383,-37.8061691280642,4.605592241362872,89.5136284063168,0
0xA9f484902d2905e4d95513C4e7d06CA08211bd4b,MATIC,ZM,0.015384615384615384,2022-08-12 03:38:13,2022-08-12 13:30:00,2022-08-12 14:00:00,108.183757,1.383632622675066,1.3730229277244,1.3730229277244,0.0,9729.627402868882,149.68657542875204,95.64559760804839,-54.040977820703645,0.49952949795137586,0.8841031247236901,0
0xA9f484902d2905e4d95513C4e7d06CA08211bd4b,MATIC,BTCUSDT,0.09264160931709899,2022-08-12 03:38:13,2022-08-12 13:30:00,2022-08-12 14:00:00,23828.120974,0.037827923638672364,1.9419560389708836,1.9419560389708836,0.0,9729.627402868882,901.3683406575194,0.0,-901.3683406575194,0.037827923638672364,0.0,0
0xA9f484902d2905e4d95513C4e7d06CA08211bd4b,MATIC,CDK,0.015384615384615384,2022-08-12 03:38:13,2022-08-12 13:30:00,2022-08-12 14:00:00,0.0,0.0,0.0,0.0,0.0,9729.627402868882,0.0,0.0,0.0,0.0,0.0,0
0xA9f484902d2905e4d95513C4e7d06CA08211bd4b,MATIC,PLBC,-0.030769230769230767,2022-08-12 03:38:13,2022-08-12 13:30:00,2022-08-12 14:00:00,32.050291,-9.34073112963324,7.802228646002493,0.0,7.802228646002493,9729.627402868882,-299.3731508575041,-199.69028660436138,99.6828642531427,-3.1102015346176635,-6.230529595015576,0
0xA9f484902d2905e4d95513C4e7d06CA08211bd4b,MATIC,SAL,-0.030769230769230767,2022-08-12 03:38:13,2022-08-12 13:30:00,2022-08-12 14:00:00,23.622888,-12.673012328446212,-4.779145025205012,0.0,-4.779145025205012,9729.627402868882,-299.3731508575041,-202.05253262456517,97.3206182329389,-4.119759541379484,-8.553252787066729,0
0xA9f484902d2905e4d95513C4e7d06CA08211bd4b,MATIC,LOGC,0.015384615384615384,2022-08-12 03:38:13,2022-08-12 13:30:00,2022-08-12 14:00:00,0.658266,227.39527095239924,-55.54788939298114,-55.54788939298114,0.0,9729.627402868882,149.68657542875204,106.01667235725742,-43.669903071494616,66.34081521982696,161.05445573257228,0
0xA9f484902d2905e4d95513C4e7d06CA08211bd4b,MATIC,PUBM,0.0,2022-08-12 03:38:13,2022-08-12 13:30:00,2022-08-12 14:00:00,22.957865,0.0,0.0,0.0,0.0,9729.627402868882,0.0,101.24741268075952,101.24741268075952,-4.410140606748908,4.410140606748908,0
0xA9f484902d2905e4d95513C4e7d06CA08211bd4b,MATIC,STIM,-0.030769230769230767,2022-08-12 03:38:13,2022-08-12 13:30:00,2022-08-12 14:00:00,4.484469,-66.75777017468603,11.33700480437571,0.0,11.33700480437571,9729.627402868882,-299.3731508575041,-201.49211683882763,97.88103401867644,-21.826672013715882,-44.931098160970144,0
0xA9f484902d2905e4d95513C4e7d06CA08211bd4b,MATIC,RUBY,0.015384615384615384,2022-08-12 03:38:13,2022-08-12 13:30:00,2022-08-12 14:00:00,0.767005,195.15723551834998,6.190777825113082,6.190777825113082,0.0,9729.627402868882,149.68657542875204,96.46429838086927,-53.22227704788277,69.38973937312373,125.76749614522625,0
0xA9f484902d2905e4d95513C4e7d06CA08211bd4b,MATIC,UUP,0.06,2022-08-12 20:55:52,2022-08-12 13:30:00,2022-08-15 13:00:00,28.375573,20.933397817715004,0.0,0.0,0.0,9899.952631910211,593.9971579146127,2584.4955618407,1990.4984039260871,-70.1483069232148,91.08170474092981,0
0xA9f484902d2905e4d95513C4e7d06CA08211bd4b,MATIC,UUP,0.25,2022-08-12 21:05:44,2022-08-12 13:30:00,2022-08-15 13:00:00,28.375573,87.22249090714584,0.0,0.0,0.0,9899.952631910211,2474.988157977553,593.9971579146128,-1880.9910000629402,66.28909308943084,20.933397817715004,0
0xA9f484902d2905e4d95513C4e7d06CA08211bd4b,MATIC,UUP,0.05,2022-08-12 20:29:26,2022-08-12 13:30:00,2022-08-15 13:00:00,28.375573,17.444498181429168,0.0,0.0,0.0,9899.952631910211,494.9976315955106,2474.988157977553,1979.9905263820424,-69.77799272571667,87.22249090714584,0
0xA9f484902d2905e4d95513C4e7d06CA08211bd4b,MATIC,UUP,0.25,2022-08-12 20:20:10,2022-08-12 13:30:00,2022-08-15 13:00:00,28.375573,87.22249090714584,0.0,0.0,0.0,9899.952631910211,2474.988157977553,494.9976315955106,-1979.9905263820424,69.77799272571667,17.444498181429168,0
0xA9f484902d2905e4d95513C4e7d06CA08211bd4b,MATIC,UUP,0.33,2022-08-12 20:11:04,2022-08-12 13:30:00,2022-08-15 13:00:00,28.375573,115.13368799743252,0.0,0.0,0.0,9899.952631910211,3266.98436853037,2474.988157977553,-791.996210552817,27.911197090286674,87.22249090714584,0
0xA9f484902d2905e4d95513C4e7d06CA08211bd4b,MATIC,UUP,0.10,2022-08-12 20:23:18,2022-08-12 13:30:00,2022-08-15 13:00:00,28.375573,34.88899636285835,1.2816472813896078,1.2816472813896078,0.0,9899.952631910211,989.9952631910212,3266.98436853037,2276.9891053393485,-80.24469163457417,115.13368799743252,0
0xA9f484902d2905e4d95513C4e7d06CA08211bd4b,MATIC,UUP,0.25,2022-08-13 12:20:13,2022-08-15 13:30:00,2022-08-15 14:00:00,28.412308,87.10971871688682,0.0,0.0,0.0,9899.952631910211,2474.988157977553,991.2769104724111,-1483.7112475051417,52.22072235402847,34.88899636285835,0
0xA9f484902d2905e4d95513C4e7d06CA08211bd4b,MATIC,UUP,0.25,2022-08-13 12:47:29,2022-08-15 13:30:00,2022-08-15 14:00:00,28.412308,87.10971871688682,3.9675863583979667,3.9675863583979667,0.0,9899.952631910211,2474.988157977553,2474.988157977553,0.0,-0.0,87.10971871688682,0
0xA9f484902d2905e4d95513C4e7d06CA08211bd4b,MATIC,UUP,0.25,2022-08-15 16:26:43,2022-08-15 13:30:00,2022-08-15 17:00:00,28.457855,86.97029899047392,5.521483372008398,5.521483372008398,0.0,9899.952631910211,2474.988157977553,2478.955744335951,3.9675863583979663,-0.13941972641289957,87.10971871688682,0
0xA9f484902d2905e4d95513C4e7d06CA08211bd4b,MATIC,UUP,0.25,2022-08-15 19:40:11,2022-08-15 13:30:00,2022-08-16 13:00:00,28.521342,83.55638587017279,-4.099276290790741,-4.099276290790741,0.0,9532.561030748664,2383.140257687166,2480.5096413495617,97.36938366239565,-3.413913120301129,86.97029899047392,0
0xA9f484902d2905e4d95513C4e7d06CA08211bd4b,MATIC,MGTA,0.0,2022-08-16 17:36:48,2022-08-16 13:30:00,2022-08-16 18:00:00,1.643824,0.0,-0.0,0.0,-0.0,9532.561030748664,0.0,-285.9883669494407,-285.9883669494407,173.97748600181086,-173.97748600181086,0
0xA9f484902d2905e4d95513C4e7d06CA08211bd4b,MATIC,AAP,0.21428571428571425,2022-08-16 17:36:48,2022-08-16 13:30:00,2022-08-16 18:00:00,211.348934,9.665019883403534,0.0,0.0,0.0,9532.561030748664,2042.6916494461418,2219.135023937506,176.44337449136424,-0.834843929193247,10.499863812596782,0
0xA9f484902d2905e4d95513C4e7d06CA08211bd4b,MATIC,AAPL,0.12121303788852755,2022-08-16 17:36:48,2022-08-16 13:30:00,2022-08-16 18:00:00,172.838221,6.685272937372106,0.0,0.0,0.0,9532.561030748664,1155.4706813948392,1066.8862099329663,-88.58447146187291,0.5125282530064511,6.172744684365655,0
0xA9f484902d2905e4d95513C4e7d06CA08211bd4b,MATIC,ADTX,0.0,2022-08-16 17:36:48,2022-08-16 13:30:00,2022-08-16 18:00:00,0.167785,0.0,0.0,0.0,0.0,9532.561030748664,0.0,144.52274173272622,144.52274173272622,-861.3567466264935,861.3567466264935,0
0xA9f484902d2905e4d95513C4e7d06CA08211bd4b,MATIC,AGLE,0.0,2022-08-16 17:36:48,2022-08-16 13:30:00,2022-08-16 18:00:00,0.518242,0.0,0.0,0.0,0.0,9532.561030748664,0.0,158.59106975317556,158.59106975317556,-306.01740066064804,306.01740066064804,0
0xA9f484902d2905e4d95513C4e7d06CA08211bd4b,MATIC,ALNA,0.028571428571428574,2022-08-16 17:36:48,2022-08-16 13:30:00,2022-08-16 18:00:00,0.118407,2300.192442953702,0.0,0.0,0.0,9532.561030748664,272.358886592819,152.7214773880456,-119.63740920477338,1010.3913552811352,1289.8010876725666,0
0xA9f484902d2905e4d95513C4e7d06CA08211bd4b,MATIC,AXLA,-0.05714285714285715,2022-08-16 17:36:48,2022-08-16 13:30:00,2022-08-16 18:00:00,2.721603,-200.14593354932293,0.0,0.0,0.0,9532.561030748664,-544.717773185638,-354.7263544356902,189.99141874994774,-69.8086454012388,-130.33728814808413,0
0xA9f484902d2905e4d95513C4e7d06CA08211bd4b,MATIC,BTCUSDT,0.09264160931709899,2022-08-16 17:36:48,2022-08-16 13:30:00,2022-08-16 18:00:00,23879.457549,0.03698207101186862,0.0,0.0,0.0,9532.561030748664,883.1117948020202,903.3102966964902,20.19850189447004,-0.0008458526268037397,0.037827923638672364,0
0xA9f484902d2905e4d95513C4e7d06CA08211bd4b,MATIC,BDSX,0.0,2022-08-16 17:36:48,2022-08-16 13:30:00,2022-08-16 18:00:00,2.384689,0.0,0.0,0.0,0.0,9532.561030748664,0.0,-283.6512326824166,-283.6512326824166,118.94684492712325,-118.94684492712325,0
0xA9f484902d2905e4d95513C4e7d06CA08211bd4b,MATIC,MSFT,0.028571428571428574,2022-08-16 17:36:48,2022-08-16 13:30:00,2022-08-16 18:00:00,292.691921,0.9305309338989887,0.0,0.0,0.0,9532.561030748664,272.358886592819,152.02393708034896,-120.33494951247002,0.411131776720513,0.5193991571784756,0
0xA9f484902d2905e4d95513C4e7d06CA08211bd4b,MATIC,CAPR,0.0,2022-08-16 17:36:48,2022-08-16 13:30:00,2022-08-16 18:00:00,5.171928,0.0,-0.0,0.0,-0.0,9532.561030748664,0.0,-295.36752990149677,-295.36752990149677,57.1097528622782,-57.1097528622782,0
0xA9f484902d2905e4d95513C4e7d06CA08211bd4b,MATIC,CFRX,0.0,2022-08-16 17:36:48,2022-08-16 13:30:00,2022-08-16 18:00:00,0.33198,5.684341886080802e-14,-7.186713446571966e-16,-7.186713446571966e-16,0.0,9532.561030748664,0.0,160.30500761584923,160.30500761584923,-482.87549736685713,482.8754973668572,0
0xA9f484902d2905e4d95513C4e7d06CA08211bd4b,MATIC,CORN,0.07940709370037057,2022-08-16 17:36:48,2022-08-16 13:30:00,2022-08-16 18:00:00,24.725082,30.61478085181518,0.0,0.0,0.0,9532.561030748664,756.9529669731602,751.3432471782066,-5.609719794953548,0.22688376907925112,30.38789708273593,0
0xA9f484902d2905e4d95513C4e7d06CA08211bd4b,MATIC,GOCO,0.0,2022-08-16 17:36:48,2022-08-16 13:30:00,2022-08-16 18:00:00,0.594732,0.0,0.0,0.0,0.0,9532.561030748664,0.0,124.90427183516488,124.90427183516488,-210.01774216817805,210.01774216817805,0
0xA9f484902d2905e4d95513C4e7d06CA08211bd4b,MATIC,CREX,0.0,2022-08-16 17:36:48,2022-08-16 13:30:00,2022-08-16 18:00:00,0.663563,0.0,-0.0,0.0,-0.0,9532.561030748664,0.0,148.8793155643525,148.8793155643525,-224.3634976096505,224.3634976096505,0
0xA9f484902d2905e4d95513C4e7d06CA08211bd4b,MATIC,CRWD,0.03732133403917416,2022-08-16 17:36:48,2022-08-16 13:30:00,2022-08-16 18:00:00,199.829204,1.7803598641036735,0.0,0.0,0.0,9532.561030748664,355.76789447738525,512.1881087173444,156.4202142399592,-0.7827695407321904,2.563129404835864,0
0xA9f484902d2905e4d95513C4e7d06CA08211bd4b,MATIC,APPS,0.0,2022-08-16 17:36:48,2022-08-16 13:30:00,2022-08-16 18:00:00,24.741553,-8.881784197001252e-16,4.456746083292257e-16,0.0,4.456746083292257e-16,9532.561030748664,0.0,160.14708361564314,160.14708361564314,-6.472798357307771,6.47279835730777,0
0xA9f484902d2905e4d95513C4e7d06CA08211bd4b,MATIC,EAR,0.0,2022-08-16 17:36:48,2022-08-16 13:30:00,2022-08-16 18:00:00,1.483129,0.0,0.0,0.0,0.0,9532.561030748664,0.0,224.4995893652752,224.4995893652752,-151.36888926403248,151.36888926403248,0
0xA9f484902d2905e4d95513C4e7d06CA08211bd4b,MATIC,AMD,0.028571428571428574,2022-08-16 17:36:48,2022-08-16 13:30:00,2022-08-16 18:00:00,100.397237,2.7128125706568893,-5.072690938683884,-5.072690938683884,0.0,9532.561030748664,272.358886592819,149.18834841679825,-123.17053817602073,1.2268319513217354,1.4859806193351541,0
0xA9f484902d2905e4d95513C4e7d06CA08211bd4b,MATIC,ECOR,0.0,2022-08-16 17:36:48,2022-08-16 13:30:00,2022-08-16 18:00:00,0.623239,5.684341886080802e-14,-1.1072529559896807e-15,-1.1072529559896807e-15,0.0,9532.561030748664,0.0,-274.5352557179032,-274.5352557179032,440.49755505978163,-440.4975550597816,0
0xA9f484902d2905e4d95513C4e7d06CA08211bd4b,MATIC,ETSY,0.0,2022-08-16 17:36:48,2022-08-16 13:30:00,2022-08-16 18:00:00,121.855701,0.0,-0.0,0.0,-0.0,9532.561030748664,0.0,154.2076329879546,154.2076329879546,-1.2654937907907535,1.2654937907907535,0
0xA9f484902d2905e4d95513C4e7d06CA08211bd4b,MATIC,EYES,-0.05714285714285715,2022-08-16 17:36:48,2022-08-16 13:30:00,2022-08-16 18:00:00,1.915018,-284.445249697725,6.825263766496971,0.0,6.825263766496971,9532.561030748664,-544.717773185638,-284.94495366955306,259.7728195160849,-135.65032783821607,-148.79492185950892,0
0xA9f484902d2905e4d95513C4e7d06CA08211bd4b,MATIC,F,0.036262572789835884,2022-08-16 17:36:48,2022-08-16 13:30:00,2022-08-16 18:00:00,16.532816,20.908427714375847,0.0,0.0,0.0,9532.561030748664,345.6751882510764,365.9654104260764,20.290222174999997,-1.2272695816006176,22.135697295976463,0
0xA9f484902d2905e4d95513C4e7d06CA08211bd4b,MATIC,FANG,0.0,2022-08-16 17:36:48,2022-08-16 13:30:00,2022-08-16 18:00:00,125.210341,0.0,0.0,0.0,0.0,9532.561030748664,0.0,143.29174031041813,143.29174031041813,-1.144408194770575,1.144408194770575,0
0xA9f484902d2905e4d95513C4e7d06CA08211bd4b,MATIC,FTNT,0.0,2022-08-16 17:36:48,2022-08-16 13:30:00,2022-08-16 18:00:00,53.080247,0.0,-0.0,0.0,-0.0,9532.561030748664,0.0,149.19040160412044,149.19040160412044,-2.810657636994802,2.810657636994802,0
0xA9f484902d2905e4d95513C4e7d06CA08211bd4b,MATIC,CSBR,-0.05714285714285715,2022-08-16 17:36:48,2022-08-16 13:30:00,2022-08-16 18:00:00,9.48,-57.45968071578459,0.0,0.0,0.0,9532.561030748664,-544.717773185638,-298.3973788380968,246.32039434754114,-25.98316396071109,-31.476516755073504,0
0xA9f484902d2905e4d95513C4e7d06CA08211bd4b,MATIC,LTRPB,-0.05714285714285715,2022-08-16 17:36:48,2022-08-16 13:30:00,2022-08-16 18:00:00,43.056707,-12.65117123763408,0.0,0.0,0.0,9532.561030748664,-544.717773185638,-469.08350302148403,75.63427016415392,-1.7566199422578674,-10.894551295376212,0
0xA9f484902d2905e4d95513C4e7d06CA08211bd4b,MATIC,LHCG,0.0,2022-08-16 17:36:48,2022-08-16 13:30:00,2022-08-16 18:00:00,162.478185,0.0,0.0,0.0,0.0,9532.561030748664,0.0,149.50099723787113,149.50099723787113,-0.9201296607164287,0.9201296607164287,0
0xA9f484902d2905e4d95513C4e7d06CA08211bd4b,MATIC,LOGC,0.0,2022-08-16 17:36:48,2022-08-16 13:30:00,2022-08-16 18:00:00,0.413987,0.0,-0.0,0.0,-0.0,9532.561030748664,0.0,94.1386860357709,94.1386860357709,-227.39527095239924,227.39527095239924,0
0xA9f484902d2905e4d95513C4e7d06CA08211bd4b,MATIC,LWAY,0.0,2022-08-16 17:36:48,2022-08-16 13:30:00,2022-08-16 18:00:00,7.577273,0.0,0.0,0.0,0.0,9532.561030748664,0.0,-269.08469576893145,-269.08469576893145,35.51207614783464,-35.51207614783464,0
0xA9f484902d2905e4d95513C4e7d06CA08211bd4b,MATIC,LYRA,-0.05714285714285715,2022-08-16 17:36:48,2022-08-16 13:30:00,2022-08-16 18:00:00,6.277929,-86.76711271912089,-1.6454515256053683,0.0,-1.6454515256053683,9532.561030748664,-544.717773185638,-195.21809758776362,349.49967559787433,-55.6711736621861,-31.095939056934796,0
0xA9f484902d2905e4d95513C4e7d06CA08211bd4b,MATIC,DBVT,0.0,2022-08-16 17:36:48,2022-08-16 13:30:00,2022-08-16 18:00:00,2.678781,0.0,-0.0,0.0,-0.0,9532.561030748664,0.0,-309.39077023602806,-309.39077023602806,115.49685108115523,-115.49685108115523,0
0xA9f484902d2905e4d95513C4e7d06CA08211bd4b,MATIC,META,0.47619047619047616,2022-08-16 17:36:48,2022-08-16 13:30:00,2022-08-16 18:00:00,179.583994,25.276833839362002,0.0,0.0,0.0,9532.561030748664,4539.314776546983,4625.697746150261,86.38296960327807,-0.4810170866523777,25.75785092601438,0
0xA9f484902d2905e4d95513C4e7d06CA08211bd4b,MATIC,INZY,0.0,2022-08-16 17:36:48,2022-08-16 13:30:00,2022-08-16 18:00:00,3.611175,0.0,-0.0,0.0,-0.0,9532.561030748664,0.0,-307.877612628907,-307.877612628907,85.25690741348924,-85.25690741348924,0
0xA9f484902d2905e4d95513C4e7d06CA08211bd4b,MATIC,MBCN,0.0,2022-08-16 17:36:48,2022-08-16 13:30:00,2022-08-16 18:00:00,28.353958,-1.7763568394002505e-15,3.0957458818647502e-16,0.0,3.0957458818647502e-16,9532.561030748664,0.0,-319.13999369275564,-319.13999369275564,11.25557122193507,-11.255571221935071,0
0xA9f484902d2905e4d95513C4e7d06CA08211bd4b,MATIC,OILK,0.07940709370037057,2022-08-16 17:36:48,2022-08-16 13:30:00,2022-08-16 18:00:00,46.320619,16.341598694377556,0.0,0.0,0.0,9532.561030748664,756.9529669731602,733.6057276218859,-23.34723935127431,0.5040355646213258,15.83756312975623,0
0xA9f484902d2905e4d95513C4e7d06CA08211bd4b,MATIC,TTOO,0.0,2022-08-16 17:36:48,2022-08-16 13:30:00,2022-08-16 18:00:00,0.160931,0.0,-0.0,0.0,-0.0,9532.561030748664,0.0,122.50287461643235,122.50287461643235,-761.2136544011555,761.2136544011555,0
0xA9f484902d2905e4d95513C4e7d06CA08211bd4b,MATIC,OKTA,0.0,2022-08-16 17:36:48,2022-08-16 13:30:00,2022-08-16 18:00:00,106.33498,0.0,-0.0,0.0,-0.0,9532.561030748664,0.0,155.36694452881693,155.36694452881693,-1.4611085131987323,1.4611085131987323,0
0xA9f484902d2905e4d95513C4e7d06CA08211bd4b,MATIC,REFR,-0.05714285714285715,2022-08-16 17:36:48,2022-08-16 13:30:00,2022-08-16 18:00:00,2.213872,-246.04754619311234,0.9526960988597003,0.0,0.9526960988597003,9532.561030748664,-544.717773185638,0.0,544.717773185638,-246.04754619311234,0.0,0
0xA9f484902d2905e4d95513C4e7d06CA08211bd4b,MATIC,OPTN,-0.05714285714285715,2022-08-16 17:36:48,2022-08-16 13:30:00,2022-08-16 18:00:00,3.990349,-136.50880491546928,0.0,0.0,0.0,9532.561030748664,-544.717773185638,-326.4426116404339,218.27516154520407,-54.70076966831825,-81.80803524715103,0
0xA9f484902d2905e4d95513C4e7d06CA08211bd4b,MATIC,TSLA,0.028571428571428574,2022-08-16 17:36:48,2022-08-16 13:30:00,2022-08-16 18:00:00,924.600271,0.2945693345928286,0.0,0.0,0.0,9532.561030748664,272.358886592819,159.51808663534854,-112.84079995747044,0.1220427935148966,0.17252654107793197,0
0xA9f484902d2905e4d95513C4e7d06CA08211bd4b,MATIC,PLRX,0.0,2022-08-16 17:36:48,2022-08-16 13:30:00,2022-08-16 18:00:00,20.075325,0.0,0.0,0.0,0.0,9532.561030748664,0.0,-290.70471551213,-290.70471551213,14.480697847338961,-14.480697847338961,0
0xA9f484902d2905e4d95513C4e7d06CA08211bd4b,MATIC,PRAX,0.0,2022-08-16 17:36:48,2022-08-16 13:30:00,2022-08-16 18:00:00,4.320547,0.0,0.0,0.0,0.0,9532.561030748664,0.0,150.7805381910306,150.7805381910306,-34.898483500128705,34.898483500128705,0
0xA9f484902d2905e4d95513C4e7d06CA08211bd4b,MATIC,PRCH,0.0,2022-08-16 17:36:48,2022-08-16 13:30:00,2022-08-16 18:00:00,3.004224,0.0,0.0,0.0,0.0,9532.561030748664,0.0,141.29034988312537,141.29034988312537,-47.03056425989719,47.03056425989719,0
0xA9f484902d2905e4d95513C4e7d06CA08211bd4b,MATIC,PLBC,0.0,2022-08-16 17:36:48,2022-08-16 13:30:00,2022-08-16 18:00:00,31.215,0.0,0.0,0.0,0.0,9532.561030748664,0.0,-291.57092221150157,-291.57092221150157,9.34073112963324,-9.34073112963324,0
0xA9f484902d2905e4d95513C4e7d06CA08211bd4b,MATIC,RUBY,0.0,2022-08-16 17:36:48,2022-08-16 13:30:00,2022-08-16 18:00:00,0.798727,0.0,-0.0,0.0,-0.0,9532.561030748664,0.0,155.87735325386512,155.87735325386512,-195.15723551834998,195.15723551834998,0
0xA9f484902d2905e4d95513C4e7d06CA08211bd4b,MATIC,SAL,-0.05714285714285715,2022-08-16 17:36:48,2022-08-16 13:30:00,2022-08-16 18:00:00,24.0,-22.696573882734917,5.674143470683729,0.0,5.674143470683729,9532.561030748664,-544.717773185638,-304.1522958827091,240.56547730292885,-10.023561554288703,-12.673012328446212,0
0xA9f484902d2905e4d95513C4e7d06CA08211bd4b,MATIC,SNGX,-0.05714285714285715,2022-08-16 17:36:48,2022-08-16 13:30:00,2022-08-16 18:00:00,0.883563,-616.501339673162,0.0,0.0,0.0,9532.561030748664,-544.717773185638,-299.6108557069042,245.10691747873375,-277.407403296351,-339.0939363768109,0
0xA9f484902d2905e4d95513C4e7d06CA08211bd4b,MATIC,STIM,0.0,2022-08-16 17:36:48,2022-08-16 13:30:00,2022-08-16 18:00:00,4.314646,0.0,-0.0,0.0,-0.0,9532.561030748664,0.0,-288.0361460531284,-288.0361460531284,66.75777017468603,-66.75777017468603,0
0xA9f484902d2905e4d95513C4e7d06CA08211bd4b,MATIC,TNXP,0.0,2022-08-16 17:36:48,2022-08-16 13:30:00,2022-08-16 18:00:00,1.494185,0.0,-0.0,0.0,-0.0,9532.561030748664,0.0,158.74857296058383,158.74857296058383,-106.24425553769032,106.24425553769032,0
0xA9f484902d2905e4d95513C4e7d06CA08211bd4b,MATIC,NFLX,0.3095238095238095,2022-08-16 17:36:48,2022-08-16 13:30:00,2022-08-16 18:00:00,247.006803,11.945236199650497,0.0,0.0,0.0,9532.561030748664,2950.5546047555385,3031.361526389894,80.8069216343556,-0.3271445185028187,12.272380718153315,0
0xA9f484902d2905e4d95513C4e7d06CA08211bd4b,MATIC,REAL,0.0,2022-08-16 17:36:48,2022-08-16 13:30:00,2022-08-16 18:00:00,3.315283,0.0,-0.0,0.0,-0.0,9532.561030748664,0.0,173.25715266921017,173.25715266921017,-52.26013968316134,52.26013968316134,0
0xA9f484902d2905e4d95513C4e7d06CA08211bd4b,MATIC,TTD,0.0,2022-08-16 17:36:48,2022-08-16 13:30:00,2022-08-16 18:00:00,73.969193,0.0,-0.0,0.0,-0.0,9532.561030748664,0.0,151.52498874802302,151.52498874802302,-2.0484877906944723,2.0484877906944723,0
0xA9f484902d2905e4d95513C4e7d06CA08211bd4b,MATIC,ROKU,0.0,2022-08-16 17:36:48,2022-08-16 13:30:00,2022-08-16 18:00:00,85.32285,-2.220446049250313e-16,8.676230844884e-16,0.0,8.676230844884e-16,9532.561030748664,0.0,156.77598303518687,156.77598303518687,-1.837444284094904,1.8374442840949037,0
0xA9f484902d2905e4d95513C4e7d06CA08211bd4b,MATIC,UUP,0.2646903123345686,2022-08-16 17:36:48,2022-08-16 13:30:00,2022-08-16 18:00:00,28.472282,88.61869788228427,0.0,0.0,0.0,9532.561030748664,2523.1765565772007,2379.040981396375,-144.13557518082553,5.062312012111482,83.55638587017279,0
0xA9f484902d2905e4d95513C4e7d06CA08211bd4b,MATIC,UUUU,0.2382212811011117,2022-08-16 17:36:48,2022-08-16 13:30:00,2022-08-16 18:00:00,6.792799,334.3038563218904,0.0,0.0,0.0,9532.561030748664,2270.8589009194807,2264.224299231776,-6.634601687704617,0.9767110270309216,333.32714529485946,0
0xA9f484902d2905e4d95513C4e7d06CA08211bd4b,MATIC,VERU,0.0,2022-08-16 17:36:48,2022-08-16 13:30:00,2022-08-16 18:00:00,23.168756,0.0,-0.0,0.0,-0.0,9532.561030748664,0.0,-433.9433945784601,-433.9433945784601,18.729680375522108,-18.729680375522108,0
0xA9f484902d2905e4d95513C4e7d06CA08211bd4b,MATIC,WEAT,0.07940709370037057,2022-08-16 17:36:48,2022-08-16 13:30:00,2022-08-16 18:00:00,8.156843,92.79974703119333,0.0,0.0,0.0,9532.561030748664,756.9529669731602,767.7157061054814,10.762739132321258,-1.3194736164863363,94.11922064767967,0
0xA9f484902d2905e4d95513C4e7d06CA08211bd4b,MATIC,ZM,0.0,2022-08-16 17:36:48,2022-08-16 13:30:00,2022-08-16 18:00:00,109.176089,0.0,-0.0,0.0,-0.0,9532.561030748664,0.0,151.0595983564764,151.0595983564764,-1.383632622675066,1.383632622675066,0
0xA9f484902d2905e4d95513C4e7d06CA08211bd4b,MATIC,AVGO,0.028571428571428574,2022-08-16 17:36:48,2022-08-16 13:30:00,2022-08-16 18:00:00,553.210548,0.4923241025997555,-5.787358936722693,-5.787358936722693,0.0,9532.561030748664,272.358886592819,0.0,-272.358886592819,0.4923241025997555,0.0,0
0xA9f484902d2905e4d95513C4e7d06CA08211bd4b,MATIC,BIOL,-0.05714285714285715,2022-08-16 17:36:48,2022-08-16 13:30:00,2022-08-16 18:00:00,5.050589,-107.8523263693874,17.26208839239961,0.0,17.26208839239961,9532.561030748664,-544.717773185638,0.0,544.717773185638,-107.8523263693874,0.0,0
0xA9f484902d2905e4d95513C4e7d06CA08211bd4b,MATIC,CDLX,0.028571428571428574,2022-08-16 17:36:48,2022-08-16 13:30:00,2022-08-16 18:00:00,17.240341,15.797766795495459,-4.1535330481048724,-4.1535330481048724,0.0,9532.561030748664,272.358886592819,0.0,-272.358886592819,15.797766795495459,0.0,0
0xA9f484902d2905e4d95513C4e7d06CA08211bd4b,MATIC,AMZN,0.028571428571428574,2022-08-16 17:36:48,2022-08-16 13:30:00,2022-08-16 18:00:00,145.272235,1.8748172119250384,0.0,0.0,0.0,9532.561030748664,272.358886592819,0.0,-272.358886592819,1.8748172119250384,0.0,0
0xA9f484902d2905e4d95513C4e7d06CA08211bd4b,MATIC,ENDP,0.028571428571428574,2022-08-16 17:36:48,2022-08-16 13:30:00,2022-08-16 18:00:00,0.381156,714.5601449086961,0.0,0.0,0.0,9532.561030748664,272.358886592819,0.0,-272.358886592819,714.5601449086961,0.0,0
0xA9f484902d2905e4d95513C4e7d06CA08211bd4b,MATIC,IDRA,0.028571428571428574,2022-08-16 17:36:48,2022-08-16 13:30:00,2022-08-16 18:00:00,0.444535,612.6826607417165,-5.291740140826209,-5.291740140826209,0.0,9532.561030748664,272.358886592819,0.0,-272.358886592819,612.6826607417165,0.0,0
0xA9f484902d2905e4d95513C4e7d06CA08211bd4b,MATIC,INTU,0.028571428571428574,2022-08-16 17:36:48,2022-08-16 13:30:00,2022-08-16 18:00:00,488.164004,0.5579249685784268,-5.6713285067485035,-5.6713285067485035,0.0,9532.561030748664,272.358886592819,0.0,-272.358886592819,0.5579249685784268,0.0,0
0xA9f484902d2905e4d95513C4e7d06CA08211bd4b,MATIC,MANT,0.028571428571428574,2022-08-16 17:36:48,2022-08-16 13:30:00,2022-08-16 18:00:00,95.862461,2.8411422339013286,-0.15599291435232654,-0.15599291435232654,0.0,9532.561030748664,272.358886592819,0.0,-272.358886592819,2.8411422339013286,0.0,0
0xA9f484902d2905e4d95513C4e7d06CA08211bd4b,MATIC,NVDA,0.028571428571428574,2022-08-16 17:36:48,2022-08-16 13:30:00,2022-08-16 18:00:00,189.30457,1.4387338171118582,0.0,0.0,0.0,9532.561030748664,272.358886592819,0.0,-272.358886592819,1.4387338171118582,0.0,0
0xA9f484902d2905e4d95513C4e7d06CA08211bd4b,MATIC,OPEN,0.028571428571428574,2022-08-16 17:36:48,2022-08-16 13:30:00,2022-08-16 18:00:00,5.811337,46.86682025028302,-20.22856322278667,-20.22856322278667,0.0,9532.561030748664,272.358886592819,0.0,-272.358886592819,46.86682025028302,0.0,0
0xA9f484902d2905e4d95513C4e7d06CA08211bd4b,MATIC,DOCU,0.028571428571428574,2022-08-16 17:36:48,2022-08-16 13:30:00,2022-08-16 18:00:00,74.68251,3.6468898352883294,0.0,0.0,0.0,9532.561030748664,272.358886592819,0.0,-272.358886592819,3.6468898352883294,0.0,0
0xA9f484902d2905e4d95513C4e7d06CA08211bd4b,MATIC,ADTX,0.0,2022-08-16 19:43:24,2022-08-16 13:30:00,2022-08-17 13:00:00,0.17023,0.0,0.0,0.0,0.0,9500.51658926539,0.0,0.0,0.0,-0.0,0.0,0
0xA9f484902d2905e4d95513C4e7d06CA08211bd4b,MATIC,EAR,0.0,2022-08-16 19:43:24,2022-08-16 13:30:00,2022-08-17 13:00:00,2.816391,0.0,0.0,0.0,0.0,9500.51658926539,0.0,0.0,0.0,-0.0,0.0,0
0xA9f484902d2905e4d95513C4e7d06CA08211bd4b,MATIC,AGLE,0.0,2022-08-16 19:43:24,2022-08-16 13:30:00,2022-08-17 13:00:00,0.522608,0.0,0.0,0.0,0.0,9500.51658926539,0.0,0.0,0.0,-0.0,0.0,0
0xA9f484902d2905e4d95513C4e7d06CA08211bd4b,MATIC,AMD,0.0,2022-08-16 19:43:24,2022-08-16 13:30:00,2022-08-17 13:00:00,98.527336,0.0,0.0,0.0,0.0,9500.51658926539,0.0,267.2861956541351,267.2861956541351,-2.7128125706568893,2.7128125706568893,0
0xA9f484902d2905e4d95513C4e7d06CA08211bd4b,MATIC,APPS,0.0,2022-08-16 19:43:24,2022-08-16 13:30:00,2022-08-17 13:00:00,24.239768,0.0,0.0,0.0,0.0,9500.51658926539,0.0,-2.1529238836137667e-14,-2.1529238836137667e-14,8.881784197001252e-16,-8.881784197001252e-16,0
0xA9f484902d2905e4d95513C4e7d06CA08211bd4b,MATIC,CAPR,0.0,2022-08-16 19:43:24,2022-08-16 13:30:00,2022-08-17 13:00:00,5.060161,0.0,0.0,0.0,0.0,9500.51658926539,0.0,0.0,0.0,-0.0,0.0,0
0xA9f484902d2905e4d95513C4e7d06CA08211bd4b,MATIC,CREX,0.0,2022-08-16 19:43:24,2022-08-16 13:30:00,2022-08-17 13:00:00,0.644165,0.0,0.0,0.0,0.0,9500.51658926539,0.0,0.0,0.0,-0.0,0.0,0
0xA9f484902d2905e4d95513C4e7d06CA08211bd4b,MATIC,DBVT,0.0,2022-08-16 19:43:24,2022-08-16 13:30:00,2022-08-17 13:00:00,2.595841,0.0,0.0,0.0,0.0,9500.51658926539,0.0,0.0,0.0,-0.0,0.0,0
0xA9f484902d2905e4d95513C4e7d06CA08211bd4b,MATIC,MGTA,0.0,2022-08-16 19:43:24,2022-08-16 13:30:00,2022-08-17 13:00:00,1.613333,0.0,0.0,0.0,0.0,9500.51658926539,0.0,0.0,0.0,-0.0,0.0,0
0xA9f484902d2905e4d95513C4e7d06CA08211bd4b,MATIC,LHCG,0.0,2022-08-16 19:43:24,2022-08-16 13:30:00,2022-08-17 13:00:00,162.682293,0.0,0.0,0.0,0.0,9500.51658926539,0.0,0.0,0.0,-0.0,0.0,0
0xA9f484902d2905e4d95513C4e7d06CA08211bd4b,MATIC,EYES,0.0,2022-08-16 19:43:24,2022-08-16 13:30:00,2022-08-17 13:00:00,1.891023,0.0,0.0,0.0,0.0,9500.51658926539,0.0,-537.892509419141,-537.892509419141,284.445249697725,-284.445249697725,0
0xA9f484902d2905e4d95513C4e7d06CA08211bd4b,MATIC,FANG,0.0,2022-08-16 19:43:24,2022-08-16 13:30:00,2022-08-17 13:00:00,125.614009,0.0,0.0,0.0,0.0,9500.51658926539,0.0,0.0,0.0,-0.0,0.0,0
0xA9f484902d2905e4d95513C4e7d06CA08211bd4b,MATIC,FTNT,0.0,2022-08-16 19:43:24,2022-08-16 13:30:00,2022-08-17 13:00:00,52.211165,0.0,0.0,0.0,0.0,9500.51658926539,0.0,0.0,0.0,-0.0,0.0,0
0xA9f484902d2905e4d95513C4e7d06CA08211bd4b,MATIC,GOCO,0.0,2022-08-16 19:43:24,2022-08-16 13:30:00,2022-08-17 13:00:00,0.597128,0.0,0.0,0.0,0.0,9500.51658926539,0.0,0.0,0.0,-0.0,0.0,0
0xA9f484902d2905e4d95513C4e7d06CA08211bd4b,MATIC,INZY,0.0,2022-08-16 19:43:24,2022-08-16 13:30:00,2022-08-17 13:00:00,3.522241,0.0,0.0,0.0,0.0,9500.51658926539,0.0,0.0,0.0,-0.0,0.0,0
0xA9f484902d2905e4d95513C4e7d06CA08211bd4b,MATIC,LOGC,0.0,2022-08-16 19:43:24,2022-08-16 13:30:00,2022-08-17 13:00:00,0.413138,0.0,0.0,0.0,0.0,9500.51658926539,0.0,0.0,0.0,-0.0,0.0,0
0xA9f484902d2905e4d95513C4e7d06CA08211bd4b,MATIC,LWAY,0.0,2022-08-16 19:43:24,2022-08-16 13:30:00,2022-08-17 13:00:00,7.714667,0.0,0.0,0.0,0.0,9500.51658926539,0.0,0.0,0.0,-0.0,0.0,0
0xA9f484902d2905e4d95513C4e7d06CA08211bd4b,MATIC,LYRA,-0.01851851851851852,2022-08-16 19:43:24,2022-08-16 13:30:00,2022-08-17 13:00:00,6.296893,-27.940047956000463,0.0,0.0,0.0,9500.51658926539,-175.93549239380354,-546.3632247112432,-370.4277323174397,58.827064763120426,-86.76711271912089,0
0xA9f484902d2905e4d95513C4e7d06CA08211bd4b,MATIC,REFR,-0.01851851851851852,2022-08-16 19:43:24,2022-08-16 13:30:00,2022-08-17 13:00:00,2.21,-79.60882008769394,0.0,0.0,0.0,9500.51658926539,-175.93549239380354,-543.7650770867782,-367.82958469297466,166.4387261054184,-246.04754619311234,0
0xA9f484902d2905e4d95513C4e7d06CA08211bd4b,MATIC,ECOR,0.0,2022-08-16 19:43:24,2022-08-16 13:30:00,2022-08-17 13:00:00,0.60376,0.0,0.0,0.0,0.0,9500.51658926539,0.0,3.4319782571401445e-14,3.4319782571401445e-14,-5.684341886080802e-14,5.684341886080802e-14,0
0xA9f484902d2905e4d95513C4e7d06CA08211bd4b,MATIC,MBCN,0.0,2022-08-16 19:43:24,2022-08-16 13:30:00,2022-08-17 13:00:00,28.179683,0.0,0.0,0.0,0.0,9500.51658926539,0.0,-5.005717262918097e-14,-5.005717262918097e-14,1.7763568394002505e-15,-1.7763568394002505e-15,0
0xA9f484902d2905e4d95513C4e7d06CA08211bd4b,MATIC,STIM,0.0,2022-08-16 19:43:24,2022-08-16 13:30:00,2022-08-17 13:00:00,4.185437,0.0,0.0,0.0,0.0,9500.51658926539,0.0,0.0,0.0,-0.0,0.0,0
0xA9f484902d2905e4d95513C4e7d06CA08211bd4b,MATIC,OKTA,0.0,2022-08-16 19:43:24,2022-08-16 13:30:00,2022-08-17 13:00:00,103.260292,0.0,0.0,0.0,0.0,9500.51658926539,0.0,0.0,0.0,-0.0,0.0,0
0xA9f484902d2905e4d95513C4e7d06CA08211bd4b,MATIC,ETSY,0.0,2022-08-16 19:43:24,2022-08-16 13:30:00,2022-08-17 13:00:00,118.302307,0.0,0.0,0.0,0.0,9500.51658926539,0.0,0.0,0.0,-0.0,0.0,0
0xA9f484902d2905e4d95513C4e7d06CA08211bd4b,MATIC,REAL,0.0,2022-08-16 19:43:24,2022-08-16 13:30:00,2022-08-17 13:00:00,3.18025,0.0,0.0,0.0,0.0,9500.51658926539,0.0,0.0,0.0,-0.0,0.0,0
0xA9f484902d2905e4d95513C4e7d06CA08211bd4b,MATIC,TTOO,0.0,2022-08-16 19:43:24,2022-08-16 13:30:00,2022-08-17 13:00:00,0.148473,0.0,0.0,0.0,0.0,9500.51658926539,0.0,0.0,0.0,-0.0,0.0,0
0xA9f484902d2905e4d95513C4e7d06CA08211bd4b,MATIC,ROKU,0.0,2022-08-16 19:43:24,2022-08-16 13:30:00,2022-08-17 13:00:00,81.415423,0.0,0.0,0.0,0.0,9500.51658926539,0.0,-1.8077855434839308e-14,-1.8077855434839308e-14,2.220446049250313e-16,-2.220446049250313e-16,0
0xA9f484902d2905e4d95513C4e7d06CA08211bd4b,MATIC,RUBY,0.0,2022-08-16 19:43:24,2022-08-16 13:30:00,2022-08-17 13:00:00,0.778835,0.0,0.0,0.0,0.0,9500.51658926539,0.0,0.0,0.0,-0.0,0.0,0
0xA9f484902d2905e4d95513C4e7d06CA08211bd4b,MATIC,SAL,0.0,2022-08-16 19:43:24,2022-08-16 13:30:00,2022-08-17 13:00:00,23.75,0.0,0.0,0.0,0.0,9500.51658926539,0.0,-539.0436297149542,-539.0436297149542,22.696573882734917,-22.696573882734917,0
0xA9f484902d2905e4d95513C4e7d06CA08211bd4b,MATIC,TNXP,0.0,2022-08-16 19:43:24,2022-08-16 13:30:00,2022-08-17 13:00:00,1.461106,0.0,0.0,0.0,0.0,9500.51658926539,0.0,0.0,0.0,-0.0,0.0,0
0xA9f484902d2905e4d95513C4e7d06CA08211bd4b,MATIC,TTD,0.0,2022-08-16 19:43:24,2022-08-16 13:30:00,2022-08-17 13:00:00,71.659784,0.0,0.0,0.0,0.0,9500.51658926539,0.0,0.0,0.0,-0.0,0.0,0
0xA9f484902d2905e4d95513C4e7d06CA08211bd4b,MATIC,VERU,0.0,2022-08-16 19:43:24,2022-08-16 13:30:00,2022-08-17 13:00:00,23.09878,0.0,0.0,0.0,0.0,9500.51658926539,0.0,0.0,0.0,-0.0,0.0,0
0xA9f484902d2905e4d95513C4e7d06CA08211bd4b,MATIC,CFRX,0.0,2022-08-16 19:43:24,2022-08-16 13:30:00,2022-08-17 13:00:00,0.319337,0.0,0.0,0.0,0.0,9500.51658926539,0.0,1.8152206848753848e-14,1.8152206848753848e-14,-5.684341886080802e-14,5.684341886080802e-14,0
0xA9f484902d2905e4d95513C4e7d06CA08211bd4b,MATIC,IDRA,0.00925925925925926,2022-08-16 19:43:24,2022-08-16 13:30:00,2022-08-17 13:00:00,0.435898,201.80809775888343,0.0,0.0,0.0,9500.51658926539,87.96774619690177,267.06714645199276,179.09940025509098,-410.8745629828331,612.6826607417165,0
0xA9f484902d2905e4d95513C4e7d06CA08211bd4b,MATIC,BIOL,-0.01851851851851852,2022-08-16 19:43:24,2022-08-16 13:30:00,2022-08-17 13:00:00,4.890536,-35.97468506392829,0.0,0.0,0.0,9500.51658926539,-175.93549239380354,-527.4556847932383,-351.5201923994348,71.87764130545911,-107.8523263693874,0
0xA9f484902d2905e4d95513C4e7d06CA08211bd4b,MATIC,CAR,0.00925925925925926,2022-08-16 19:43:24,2022-08-16 13:30:00,2022-08-17 13:00:00,188.782657,0.4659736630198068,0.0,0.0,0.0,9500.51658926539,87.96774619690177,0.0,-87.96774619690177,0.4659736630198068,0.0,0
0xA9f484902d2905e4d95513C4e7d06CA08211bd4b,MATIC,CDLX,0.00925925925925926,2022-08-16 19:43:24,2022-08-16 13:30:00,2022-08-17 13:00:00,16.977422,5.181454887373464,0.0,0.0,0.0,9500.51658926539,87.96774619690177,268.2053535447141,180.23760734781234,-10.616311908121995,15.797766795495459,0
0xA9f484902d2905e4d95513C4e7d06CA08211bd4b,MATIC,GNLN,0.00925925925925926,2022-08-16 19:43:24,2022-08-16 13:30:00,2022-08-17 13:00:00,3.335345,26.374406904503665,0.0,0.0,0.0,9500.51658926539,87.96774619690177,0.0,-87.96774619690177,26.374406904503665,0.0,0
0xA9f484902d2905e4d95513C4e7d06CA08211bd4b,MATIC,INTU,0.00925925925925926,2022-08-16 19:43:24,2022-08-16 13:30:00,2022-08-17 13:00:00,477.998966,0.18403333993174736,0.0,0.0,0.0,9500.51658926539,87.96774619690177,266.6875580860705,178.71981188916874,-0.3738916286466794,0.5579249685784268,0
0xA9f484902d2905e4d95513C4e7d06CA08211bd4b,MATIC,MANT,0.00925925925925926,2022-08-16 19:43:24,2022-08-16 13:30:00,2022-08-17 13:00:00,95.807556,0.918171278650525,0.0,0.0,0.0,9500.51658926539,87.96774619690177,272.20289367846664,184.23514748156487,-1.9229709552508036,2.8411422339013286,0
0xA9f484902d2905e4d95513C4e7d06CA08211bd4b,MATIC,OPEN,0.00925925925925926,2022-08-16 19:43:24,2022-08-16 13:30:00,2022-08-17 13:00:00,5.379719,16.351736251819432,0.0,0.0,0.0,9500.51658926539,87.96774619690177,252.1303233700323,164.16257717313053,-30.515083998463588,46.86682025028302,0
0xA9f484902d2905e4d95513C4e7d06CA08211bd4b,MATIC,PLRX,0.0,2022-08-16 19:43:24,2022-08-16 13:30:00,2022-08-17 13:00:00,20.161596,0.0,0.0,0.0,0.0,9500.51658926539,0.0,0.0,0.0,-0.0,0.0,0
0xA9f484902d2905e4d95513C4e7d06CA08211bd4b,MATIC,ZM,0.0,2022-08-16 19:43:24,2022-08-16 13:30:00,2022-08-17 13:00:00,105.305713,0.0,0.0,0.0,0.0,9500.51658926539,0.0,0.0,0.0,-0.0,0.0,0
0xA9f484902d2905e4d95513C4e7d06CA08211bd4b,MATIC,AVGO,0.00925925925925926,2022-08-16 19:43:24,2022-08-16 13:30:00,2022-08-17 13:00:00,541.455367,0.1624653693697744,0.0,0.0,0.0,9500.51658926539,87.96774619690177,266.5715276560963,178.60378145919452,-0.3298587332299811,0.4923241025997555,0
0xA9f484902d2905e4d95513C4e7d06CA08211bd4b,MATIC,RYTM,-0.01851851851851852,2022-08-16 19:43:24,2022-08-16 13:30:00,2022-08-17 13:00:00,24.956569,-7.0496666586582295,0.0,0.0,0.0,9500.51658926539,-175.93549239380354,0.0,175.93549239380354,-7.0496666586582295,0.0,0
