,TUMOURID,PATIENTID,DIAGNOSISDATEBEST,SITE_ICD10_O2,SITE_ICD10_O2_3CHAR,MORPH_ICD10_O2,BEHAVIOUR_ICD10_O2,T_BEST,N_BEST,M_BEST,STAGE_BEST,STAGE_BEST_SYSTEM,GRADE,AGE,SEX,CREG_CODE,LINKNUMBER,SCREENINGSTATUSFULL_CODE,ER_STATUS,ER_SCORE,PR_STATUS,PR_SCORE,HER2_STATUS,CANCERCAREPLANINTENT,PERFORMANCESTATUS,CNS,ACE27,GLEASON_PRIMARY,GLEASON_SECONDARY,GLEASON_TERTIARY,GLEASON_COMBINED,DATE_FIRST_SURGERY,LATERALITY,QUINTILE_2015,ETHNICITY,DEATHCAUSECODE_1A,DEATHCAUSECODE_1B,DEATHCAUSECODE_1C,DEATHCAUSECODE_2,DEATHCAUSECODE_UNDERLYING,DEATHLOCATIONCODE,NEWVITALSTATUS,VITALSTATUSDATE,MERGED_PATIENT_ID,LINK_NUMBER,MERGED_TUMOUR_ID,CONSULTANT_SPECIALITY_CODE,PRIMARY_DIAGNOSIS,MORPHOLOGY_CLEAN,MERGED_REGIMEN_ID,HEIGHT_AT_START_OF_REGIMEN,WEIGHT_AT_START_OF_REGIMEN,INTENT_OF_TREATMENT,DATE_DECISION_TO_TREAT,START_DATE_OF_REGIMEN,MAPPED_REGIMEN,CLINICAL_TRIAL,CHEMO_RADIATION,BENCHMARK_GROUP
20,10037882,10037882,2015-04-07,C449,C44,8090.0,3,,,,?,,GX,74,1,L0401,810037882,,,,,,,,,,,,,,,,9,2,A,C20,,,,C349,2,A,2019-02-09,10037882,810037882,10003527,370.0,C509,80003.0,10005652,1.82,60.75,C,2015-05-26,2015-07-09,Docetaxel 100mg/m2 (21 day),N,N,DOCETAXEL
21,10037882,10037882,2015-04-07,C449,C44,8090.0,3,,,,?,,GX,74,1,L0401,810037882,,,,,,,,,,,,,,,,9,2,A,C20,,,,C349,2,A,2019-02-09,10037882,810037882,10003527,370.0,C509,80003.0,10005653,1.81,,N,2014-12-09,2015-02-04,Rituximab,2,N,RITUXIMAB
22,10037882,10037882,2015-04-07,C449,C44,8090.0,3,,,,?,,GX,74,1,L0401,810037882,,,,,,,,,,,,,,,,9,2,A,C20,,,,C349,2,A,2019-02-09,10037882,810037882,10003527,370.0,C509,80003.0,10005654,1.64,68.0,D,2016-08-08,2016-08-08,PEMBROLIZUMAB,2,N,PEMBROLIZUMAB
85,10089744,10089744,2013-08-12,C449,C44,8090.0,3,,,,?,,GX,89,1,L0801,810089744,,,,,,,,,,,,,,,2013-08-12,9,3,,R54,,,,I619,4,D,2014-03-11,10089744,810089744,10003528,0.0,C509,,10005655,,65.3,C,2014-10-21,2014-10-21,Paclitaxel 80mg/m2 day 1 8 15,N,N,PACLITAXEL
115,10127559,10127559,2014-11-26,C449,C44,8090.0,3,,,,?,,GX,90,1,L0801,810127559,,,,,,,,,,,,,,,,9,2,B,,,,,,,A,2019-02-09,10127559,810127559,10003553,370.0,C509,,10005688,1.7,82.699,C,2016-03-19,2016-04-02,Oxaliplatin + Modified de Gramont,N,N,OXALIPLATIN + MDG
116,10127559,10127559,2014-11-26,C449,C44,8090.0,3,,,,?,,GX,90,1,L0801,810127559,,,,,,,,,,,,,,,,9,2,B,,,,,,,A,2019-02-09,10127559,810127559,10003553,370.0,C509,,10007798,1.78,94.25,P,2015-07-27,2015-08-16,Trastuzumab Subcutaneous,Y,N,TRASTUZUMAB
117,10577081,10127559,2014-11-26,C443,C44,8090,3,,,,?,,GX,72,1,L0201,810127559,,,,,,,,,,,,,,,2014-11-26,9,5 - most deprived,B,,,,,,,A,2019-02-09,10127559,810127559,10003553,370.0,C509,,10005688,1.7,82.699,C,2016-03-19,2016-04-02,Oxaliplatin + Modified de Gramont,N,N,OXALIPLATIN + MDG
118,10577081,10127559,2014-11-26,C443,C44,8090,3,,,,?,,GX,72,1,L0201,810127559,,,,,,,,,,,,,,,2014-11-26,9,5 - most deprived,B,,,,,,,A,2019-02-09,10127559,810127559,10003553,370.0,C509,,10007798,1.78,94.25,P,2015-07-27,2015-08-16,Trastuzumab Subcutaneous,Y,N,TRASTUZUMAB
157,10162550,10162550,2015-04-10,C449,C44,8090.0,3,,,,?,,GX,84,1,L1701,810162550,,,,,,,,,,,,,,,2015-08-25,9,2,A,,,,,,,A,2019-02-08,10162550,810162550,10003554,303.0,C504,,10007799,1.72,,P,2016-06-01,2016-06-02,Docetaxel,N,N,DOCETAXEL
158,10580475,10162550,2015-04-10,C447,C44,8090,3,1,,,?,22.0,GX,77,1,L1201,810162550,,,,,,,C,0,,,,,,,2015-04-10,R,1 - least deprived,A,,,,,,,A,2019-02-08,10162550,810162550,10003554,303.0,C504,,10007799,1.72,,P,2016-06-01,2016-06-02,Docetaxel,N,N,DOCETAXEL
321,10230501,10230501,2014-09-08,C443,C44,8090.0,3,,,,?,,GX,83,1,L1201,810230501,,,,,,,C,,,,,,,,2014-09-08,R,4,A,,,,,,,A,2019-02-07,10230501,810230501,10003557,370.0,C504,85003.0,10005693,1.68,81.2,P,2015-08-24,2015-08-26,Paclitaxel 7 day,N,N,PACLITAXEL
322,10587361,10230501,2014-11-20,C61,C61,8140,3,3b,0,0,3,22.0,GX,66,1,L0401,810230501,,,,,,,9,,,,4.0,5.0,,9.0,,9,3,A,,,,,,,A,2019-02-07,10230501,810230501,10003557,370.0,C504,85003.0,10005693,1.68,81.2,P,2015-08-24,2015-08-26,Paclitaxel 7 day,N,N,PACLITAXEL
329,10230548,10230548,2014-08-01,C443,C44,8090.0,3,,,,?,23.0,GX,67,1,L0201,810230548,,,,,,,,,,,,,,,,L,3,A,C61,,,,I259,,A,2019-02-09,10230548,810230548,10006931,370.0,C509,85003.0,10007801,1.64,72.0,D,2015-12-04,2015-12-06,Trastuzumab 21 day maintenance,N,N,TRASTUZUMAB
330,10587365,10230548,2015-06-04,C61,C61,8000,3,3b,1,0,4,22.0,GX,80,1,L1701,810230548,,,,,,,C,0,,,,,,,,9,4,A,C61,,,,I259,,A,2019-02-09,10230548,810230548,10006931,370.0,C509,85003.0,10007801,1.64,72.0,D,2015-12-04,2015-12-06,Trastuzumab 21 day maintenance,N,N,TRASTUZUMAB
351,10231893,10231893,2015-10-23,C443,C44,8090.0,3,,,,?,,GX,87,2,L0301,810231893,,,,,,,,,,,,,,,2015-10-23,9,2,A,J189,"S720,X599",,,K830,1,A,2019-02-09,10231893,810231893,10003561,370.0,C509,81403.0,10005698,,,P,2017-03-25,2017-03-27,Trastuzumab Subcutaneous,N,N,TRASTUZUMAB
352,10587499,10231893,2016-11-25,C61,C61,8140,3,3a,1,0,4,22.0,GX,66,2,L0401,810231893,,,,,,,,3,NI,,4.0,4.0,,8.0,2016-11-25,9,1 - least deprived,A,J189,"S720,X599",,,K830,1,A,2019-02-09,10231893,810231893,10003561,370.0,C509,81403.0,10005698,,,P,2017-03-25,2017-03-27,Trastuzumab Subcutaneous,N,N,TRASTUZUMAB
353,10231909,10231909,2015-05-28,C442,C44,8094.0,3,1,0,0,?,23.0,GX,85,1,L1201,810231909,,,,,,,,,,,,,,,2015-05-28,R,1 - least deprived,,I64,,,,C541,4,A,2019-02-08,10231909,810231909,10000032,0.0,C509,,10000046,,63.0,A,2015-07-20,2015-08-17,Capecitabine,N,N,CAPECITABINE
354,10231909,10231909,2015-05-28,C442,C44,8094.0,3,1,0,0,?,23.0,GX,85,1,L1201,810231909,,,,,,,,,,,,,,,2015-05-28,R,1 - least deprived,,I64,,,,C541,4,A,2019-02-08,10231909,810231909,10000032,0.0,C509,,10000047,1.78,86.4,P,,2013-08-05,Carboplatin + Etoposide IV 3 day,N,N,CARBOPLATIN + ETOPOSIDE
386,10233873,10233873,2017-01-15,C444,C44,8070.0,3,,,,?,,G2,73,1,L0201,810233873,,,,,,,,,,,,,,,2017-01-15,9,4,A,,,,,,,A,2019-02-09,10233873,810233873,10005622,800.0,C509,81403.0,10007767,,,C,,2019-02-24,Cyclophosphamide High Dose,2,,NAB-PACLITAXEL
387,10587684,10233873,2017-11-28,C61,C61,8140,3,3a,0,0,3,22.0,GX,67,1,L1701,810233873,,,,,,,,,,,4.0,3.0,,7.0,,9,3,A,,,,,,,A,2019-02-09,10233873,810233873,10005622,800.0,C509,81403.0,10007767,,,C,,2019-02-24,Cyclophosphamide High Dose,2,,NAB-PACLITAXEL
