DB_Object_Symbol	WyattClarkIC
Q46822	55.34890734396416
P18843	99.78875455312165
P0ABL5	11.054374022197937
P76334	19.378322298533128
P29745	36.50920710354419
P0A8L1	114.34409016828697
P24224	68.85365969460209
P13669	44.90463259751418
P0AB93	85.17968488281721
P45748	120.99397464274291
P23857	33.35855541885124
P46139	69.11155277466908
P0AAS7	25.4834040014312
P0AD86	22.592592026213627
Q46799	25.158807684721904
P0AB10	87.61753546153028
P0ABA4	92.7581255794772
P58034	31.248000989194836
P0AAD4	15.697914626307606
P75856	13.611950635124014
P0A9M5	176.6283922287252
P63201	39.30409954039177
P0A6P5	124.42801208705545
P33919	116.80035374468976
P39396	111.88136500902925
P0AFD1	103.47050006759672
P0A749	53.141023735393105
P0ACT6	40.9844977152023
P77306	22.71807922283257
P76134	8.054177675716302
P0AAK1	16.49144517787718
P31436	17.868408265214875
P0AFX4	142.39369181047564
P77561	13.163998513372434
P37639	90.65420909221889
P0A9G4	122.21110274151197
P77212	66.04497202330037
P46883	67.19252020312665
P37759	122.26751022912116
P00722	105.62734541684554
P14176	85.53654870040816
P31119	75.03974570845165
P77364	67.50233819149521
P75728	53.79888968091279
P0AB96	47.378088633595524
P0A763	32.68526322779849
P0DTV7	57.92803400255813
P0AB33	26.04169793902728
P0A6L0	96.51298051622105
P31134	68.89866089113072
P0AA70	6.1177873781071375
P27241	42.65614702831182
P06136	64.96469828770638
P15070	1.9237003259908347
P00509	86.14016053255607
P77700	12.176781026863853
P15031	76.2344651970709
P0A7A5	53.711982918744894
P0AAU2	5.0097276322496835
P00547	58.00721160272873
P21866	64.36788376403874
P0ADV9	68.09363516645074
P16690	85.65432000744151
P0A7A9	64.25560136427049
P0AGB3	176.01568316573258
P0ABD8	48.325472548562345
P28721	11.904513377673215
P71243	28.876638987383355
P46849	18.12119065529875
P0A9X4	89.9119475474742
P05100	77.23207102526216
P0ACZ4	27.172172749312175
P77231	40.17873920140636
P21169	77.06360902289317
P37309	44.33384688378582
P76147	15.142465351822793
P0C0R7	102.75268571596695
P31060	19.763654425646653
Q46927	109.96179190443806
P0AAH0	91.16282797345933
P76044	34.282213232150426
P05459	83.21793802394654
P19317	1.9237003259908347
P69380	172.31436264663915
P76445	52.837235912172325
Q46897	91.80137121489554
P0A790	32.503720731955475
P0AA25	103.18894099234781
P33022	120.56430698309792
P23482	30.495379832092134
P39376	60.5848284073827
P08189	15.897352853986261
P37002	101.99811427512753
P0AAN1	20.00255597542279
P51020	32.94815418139361
P37641	12.176781026863853
P0A937	151.75099554491453
P31679	5.133907043470414
P15993	127.88387875434212
P77247	81.58262252076467
P0ACV4	25.350780673787803
P32173	73.63916568850479
P45956	28.662257438797965
P0AEF4	43.499062672272395
P76115	35.000048450182256
P0A853	112.5047628504351
P0A991	33.865353508482656
P21693	143.91114648414074
P75687	21.308793872985586
P0A754	87.35794319153086
P23878	142.65864861686
P76086	117.88656388685055
P37653	29.112132410624945
P0AAJ3	106.17605855888961
P0A9A6	91.10764757173462
P06134	143.71079779444966
P30131	54.75019136280143
P64508	37.84370764389085
P77165	34.577638596871964
P26646	16.13412971100625
P30235	28.986959254001388
P15067	80.73801060437857
P13036	170.38748365740173
P24202	74.18123284348785
P61517	72.78875751226951
P27896	78.42552743944574
P29208	25.755861366922847
P0AF26	54.85947195805141
P0A7E9	67.626007187999
P62601	92.18003623806028
P09980	123.54191607280777
P0A855	156.79053463148543
P13738	167.8216076103272
P0A7V0	93.37157705102513
P76502	87.97020262388283
P0A9J8	84.16428369822319
P69741	74.10292101208347
P27125	52.734708842966114
P76461	88.96505212313313
P15043	162.885423191705
Q47269	35.76161795700256
P0ACS7	28.807716688338445
Q46810	73.6391656885048
P21369	60.41645234903155
P0AGD1	66.08096097465163
P0A9U1	37.923877359897
P31441	95.72327731171819
P0A7I4	124.83565661744137
P0AG20	62.79674095143932
P0AAD8	147.43397082128888
P30870	69.60022178225529
P76473	75.30799171460599
P37339	54.825337033245944
P38054	204.80948321141528
P33231	119.69823178607892
P0A948	166.63144679310335
P25888	49.08358328004566
P37621	15.697914626307606
P71241	69.53308731251401
P77268	37.16360254292199
P76562	125.56393715676387
P76073	12.454409358137534
P09835	103.50677199700053
P0AF16	187.29856920210477
P0AE98	103.23363149341229
P06710-2	88.0545418773207
P31574	23.582799927241417
P77423	31.28891038366171
P31675	71.83495978782742
P76298	19.335626352806855
P06616	207.23254232507142
P0A6A8	117.90166602033413
P28304	30.353410659879874
P69783	83.86848968627173
P0A6U5	79.73020168545035
P09394	49.417481433514915
P0A9F3	43.71154783839642
P27305	77.68225360006188
P76341	32.844920547717976
P0AFJ5	36.104041779911164
P24180	16.193944611593814
P07862	61.799536574185964
P77302	113.02778876521994
P0AE42	5.587272661408358
P0AAY1	10.983266756973538
P0CI31	36.94068683990521
P16256	65.72637877542361
P06966	19.796538248895867
P77768	15.321561716312717
P60757	46.819138300393696
P16703	148.00201432296365
P06721	138.12834718398224
P0ABT8	72.6360360671983
P0A903	83.92433987446628
P09158	60.295749509007834
P39199	63.78161474891435
P0A8R0	104.23616900359939
P58035	14.352096126416214
P77390	24.564642734228812
P0AB77	51.769021076797536
P33913	36.584982217315435
P0ACL7	133.2719417479756
P00963	48.58526084560549
P0AED5	21.646518925282194
P04335	15.745853279840164
P0AEH1	69.3458789737003
P43340	21.687033144043742
P31469	10.609640474436812
P0AED7	102.15227754718005
P0A9Z1	75.41388409575079
P33361	56.48161253408708
P0AFI2	138.8938680998738
P05804	74.55647597788224
P18335	98.1167975777818
P76440	58.36992005140101
P0ADY1	48.953399111244615
P0AG80	52.44126113565245
P0AB74	46.53110131566126
P32139	46.250647701838254
P37147	12.673236652591951
P31121	11.904513377673215
P24244	15.952938495515413
Q46856	77.95283582768654
P77256	21.439989437265957
P21361	20.30144441725004
P03841	11.904513377673215
P0AB98	195.34577171014587
P31129	141.81356818753216
P45428	75.2436618252775
P77744	17.451555793401567
P08202	77.0048339813929
P0AAT4	58.25666235765796
P76264	101.903046017698
P52130	61.77624352064317
P0A7L0	121.06135330461629
P0A8N0	88.01657009452214
P0A6W0	70.82419800584546
Q47208	12.691803942813227
P42601	13.97135343543004
P62517	44.73374736292338
P27129	69.49619907648241
P0AE06	136.7255902516814
P75860	48.33396740684025
P0AEA8	111.51768768762824
P25745	80.23696734000407
P0AFH2	38.225749253381395
P39297	11.31427008648333
P06149	111.15888706008903
P77544	39.630385618139954
P0ACJ5	91.5031156308691
P0AB80	81.5762066870585
P06972	140.040285626765
P0A9S1	100.8875790198233
P16678	38.99934016970255
P27245	61.44652818885364
P0ABQ0	129.96039137316941
P0A7A7	68.29686976816767
P76111	20.30144441725004
P0A7E3	91.5139118092423
P0AFE0	115.72261417465387
P05847	22.92391056092014
P23865	51.757324061658906
P39406	102.71755876103022
P39196	71.69878150716428
P0AAJ5	94.30581027477139
P08839	4.91128898097127
P0A9L8	50.78582690448875
P0AC69	19.444629425759633
P32176	61.82487655480357
P77359	52.728070351137774
P37313	169.44509258456432
P0A9X9	111.86540634887791
P0AEE5	78.36581035499633
Q6BEX0	76.10960772981514
P45750	34.40564930212361
P0AG82	57.89869937041526
P31600	33.339329430224296
P75858	53.343695039089944
P75937	18.897352853986263
P0A6P7	35.33246886671928
P0A8A4	70.24422826040541
P27300	94.87609177877127
P0AD03	50.432194843512306
P0AFG0	46.42824473558898
P76395	36.846181332166864
P00962	78.74247018017556
P33920	39.79820570002911
P0CE47	28.956160459969045
P0A738	38.60878682780426
P0AGH8	68.82428314757928
P0AD89	54.8365509488029
P33195	16.13412971100625
P28905	77.46402293570479
P0ACV2	75.3023597719742
P76215	28.14136894892413
P0AC35	10.82214114263802
P0A731	58.56720181322388
P0AE26	83.30260368541799
P23893	39.39778697831096
P0AAI1	101.68370656389044
P0AEV9	53.57297402151395
P07762	45.927506485079874
P0CF26	32.563562741686425
P0A6H5	143.07305503102916
Q57083	4.91128898097127
P76043	24.52352568951998
P09557	22.43634021755505
P0CF66	32.563562741686425
P75836	12.176781026863853
P0ADJ3	29.112132410624945
P61889	125.64981716537412
P0AF20	22.13238788320631
P0AE95	103.23363149341229
P00582	107.71631534646554
P0A867	22.695050140681815
P0A9F9	33.175495682972446
P0A8Q6	21.548127021008064
P76459	14.544841284882303
P15029	127.83118308191195
P75915	22.225144743240875
P15047	53.19436489291775
P64599	26.897801304868423
Q46905	9.287712379549449
P13001	58.654094999532674
P0AB18	77.1121253824735
P0AES4	97.91731418382362
P32714	65.03441567117353
P43674	45.23363246792662
P09151	74.5018183464546
P69805	147.2428465007245
P77245	34.082491454876156
P32157	38.695379345772494
P00864	95.77295955128199
P0DMC9	12.176781026863853
P22787	18.087146699594456
P0A6X3	111.23653326140816
P0A6R3	188.921849475464
P77389	1.9237003259908347
P39172	44.15837326855981
P0AG24	72.69138285357532
P0AGE6	79.42656834692527
Q46840	11.31427008648333
P52073	30.503971779151016
P25718	97.91321526145654
P26612	30.985017505830566
P09836	28.914380559574173
P42626	100.81827193471979
P77757	30.328605646254456
P0DSF8	29.466928537388476
P39208	91.08730556385014
P08178	24.373279125117477
P0ABG1	77.72312018164375
P0A7J3	141.0718832687648
C1P615	15.852958734627808
P40711	81.02531157733074
P0AEW9	62.7355729244734
P39344	104.66500044301314
P0AA80	64.21080083614365
P0ADX5	1.9237003259908347
P25539	78.05902689106912
P0ADC1	78.69348641544435
P36562	52.18308777219377
P23930	65.36280934781672
P0ABT5	19.558894842534777
P36649	126.23942398830793
P00957	167.67094508355268
P38052	13.741522682429736
P27434	38.23697644813241
P24171	47.25362935268471
P09348	96.85229028476934
P77304	175.95371272904129
P64636	115.41375270649864
P0A6G7	155.72172354770922
P0ACY9	45.83345254953474
P0A6I0	94.11374155828175
P0ABW0	54.74146007589012
P09323	123.44830918058578
P31548	136.24043705265495
P36999	95.42337841214118
P75913	32.049629911702766
P05707	89.00744115243269
P76190	27.342893355654258
P0AA89	61.084224156087984
P0ADT2	11.31427008648333
Q47685	4.881720019873613
P39401	60.90328626401087
P12758	176.75811388198815
P0AD74	14.512630661174295
P23843	70.75243940381309
P0ABW3	57.20812371533597
P13029	128.42397758103021
P77735	46.92723859959559
P24175	51.773180594467206
P37613	97.25968777158991
P0ABJ1	199.7566179474203
P0A710	15.697914626307606
P0ADF3	22.592592026213627
P42914	13.611950635124014
P0AFS9	84.22908738128416
P68183	136.16944838996716
P0CB39	58.348637837045366
P22564	107.79420482167954
P69924	92.39763765277318
P27375	10.82214114263802
P25894	108.8195111968586
P0ADV7	37.182445469160534
P0ACD2	63.42623033359085
P0A968	53.82773692827359
P0A6F3	106.88786159432578
P52133	7.439715472994499
P0ABW9	26.377710311478104
P0A7X3	46.788627666975174
P56976	47.35546907400182
P36673	34.082491454876156
P69816	56.944724891523435
P10121	154.40004345042794
P63284	41.107831039040946
P0ABL3	12.978074348188771
P0AAY6	126.11219551016026
P27431	82.5834016827801
P77790	56.72761659661307
P0ABS8	27.65273410109954
P07109	169.15844882719836
P62620	90.42766397580924
P0A9G2	57.14874449103169
P0A6N4	158.6228327590001
P0A9C9	53.02478488602793
P23874	206.37847225706957
P07024	105.99859078506904
P64638	72.37957569742608
Q47156	23.402115271827217
P32143	82.8699478128835
P0AG99	152.91265645921598
P0A6I6	73.43879418740849
P27550	131.12692446466542
P17410	66.68132903736465
P00561	116.19544320827492
P77526	17.180573913226322
P76127	21.63431844815247
P00944	60.62232550141198
P76081	66.4461556612124
P21893	110.6957947026314
P0AAL0	10.147611591054847
P15723	134.18402994965953
P0C0L9	51.634332718723044
P31463	12.176781026863853
P32717	61.74765288877954
P75798	154.15178746748313
P0ADD2	82.34538992694377
P0AGG8	61.07899920863672
P02929	176.12050041301373
P76658	127.18005204931848
P76052	78.12573559854691
P0ACR0	47.920503870724794
P0AC98	157.96686868238385
P11557	44.45892526180961
P0AF93	47.9791653927358
P76273	80.64773952525839
P0AF28	81.20655873931422
P39334	28.807716688338445
P0AE14	15.697914626307606
P16430	15.697914626307606
P38036	215.04745894415493
P62623	87.79346549776571
P0AEU7	126.3346189698739
P64545	25.58813009114848
P76007	119.75155531404995
P0AE01	85.14273739571868
P0A8I1	114.32738692553416
P31658	170.3305919546479
P0AFL1	49.135006465484054
P0A996	98.71593316184514
P76594	108.5130662422609
P31069	31.614578793487265
P0A6F9	76.45975594666379
P0A836	58.935708985145425
P0ACD8	77.10599920757525
P0ABM9	61.18008128148999
P39370	64.7730784353118
P0AAJ8	137.27412182009203
P0A9Q7	145.14726704447358
P37177	61.807003434335606
P37355	31.456301085063938
P00909	79.06099588981115
P37769	68.94748746662864
P63020	142.34432569675823
P32718	71.76025089818907
P77300	81.56273967627502
P0A7Z4	1.9237003259908347
P37028	44.48741921425295
P0A9A9	116.85734552086777
P39176	82.01252923375267
Q46836	16.279791777536854
P0A812	112.72558550176561
P0A6V5	33.83175864232107
P39452	71.72621331780081
P76136	30.785613465670878
C1P5Z7	31.461018191270707
P0C066	103.04486007415913
P0DQD7	35.12969624338244
P77695	38.08006195633208
P07650	49.27934831371183
P0A8Q0	89.29255319192788
P32131	96.50628532467043
P0A988	122.29557546739272
P80644	89.53022424881796
P0A8D9	15.809890012735922
P0A700	69.0770463768438
P31466	98.77346374611261
P09163	73.71191681171757
P38521	10.995279274675518
P0A9B6	96.60721531181738
P77608	63.92127167761571
P42641	141.57390537989045
P0AG48	39.8010329708724
P0A8G9	45.9649892991104
Q46863	30.945662808137477
P45563	249.9045006908284
P0AAK4	12.163276056665765
P0A9P6	206.9390774727411
P0ABU7	158.12066445101985
P75960-2	185.39306789860814
P75857	64.35015775850725
P71298	19.283564744745394
P0AAE0	186.02519053091765
P75952	49.77793230446908
P0AGB6	29.093570116930543
P0ACX5	26.603858273477798
P0AGM9	59.49713074157232
P0AEE8	151.4234108890538
P0ACS9	78.24150602276461
P07623	30.906141238628354
P28629	103.46710723225257
P04949	1.9237003259908347
P16456	124.22501201047149
P33358	6.9186309563124375
P00816	32.5093876073822
P56258	48.10043541737947
P0A8I3	30.84366219743108
P37679	13.155885867585113
P76241	36.42747391037046
P0AEG6	72.77060795391672
P76084	24.38206615627267
P0AE60	22.328076251628257
P0AAC8	77.06215241410035
P15006	55.77573308583127
P0AGB0	70.92828470011827
P09831	35.129704086017945
P0A9L5	16.300938739226705
P17115	106.2873529401448
P19926	93.67529567730271
Q47083	11.609640474436812
P75824	41.62278880193112
P04425	68.78428163824564
P22731	238.34062484322467
P64453	42.16051383537222
P77377	42.617979152452904
P75620	4.881720019873613
Q46919	11.31427008648333
P68679	77.03454413455958
P33650	147.11053147130062
P0AAP3	28.807716688338445
P77733	86.86093131850522
P76343	72.84486120183716
P0AFK0	43.3897481851597
O52982	4.539773359252021
P37342	12.708364589106376
P22186	77.42481323612768
P05706	34.819419127574385
P0AFL6	75.21960728270015
P24215	73.92553225552116
P75989	34.082491454876156
P37595	75.06995476340313
P37194	12.087371720944668
P37661	67.53419421827138
P76079	37.60135276006225
P33026	118.74222720207054
P0A7K2	104.20164759242022
P02359	138.56147898391725
P0AF61	34.03099064798515
P12008	61.81506879488856
P75764	5.133907043470414
P37660	5.0097276322496835
P24203	41.11405998615649
P0A8V6	65.61692196600609
A5A615	4.539773359252021
P76250	63.01077877548234
P37674	31.50456108706094
P0AEM6	1.9237003259908347
P39400	64.3210547982411
P77366	51.25249066113224
P77473	63.19919464388318
P0A858	95.85390016948375
P0AEJ8	24.220819862933748
P0AF10	30.73141701432928
P0ABQ4	136.3720819573303
P0ABN1	110.61405813000397
P75742	124.36053893448215
P0A6F5	145.15297731886216
P0AC00	21.94759073868351
P37188	75.57452996248522
P30147	29.264928786243253
P0AEK4	135.08277593490803
P37326	43.55005274787252
P0A905	15.952938495515413
P0A8T7	1.9237003259908347
P0A6J3	181.503610440237
P04993	165.3477811496447
P39835	57.29541138909975
P0AE39	51.43614246114355
P0AAP5	12.176781026863853
P76077	37.60135276006225
P37127	9.609640474436812
P77567	63.735639855401544
P0A705-3	155.87268960015393
P52102	43.225422447724426
P33941	60.518341821938236
P0ABR7	25.036234005983
P32169	73.57197254912484
P0A9H3	84.80812695730971
P37617	248.03067151832195
P0AAH4	120.28091442175979
P0CE44	4.539773359252021
P0A879	77.56694729767464
P17444	40.05532148971066
P21499	169.63292609981158
P37765	86.0539542148229
P52062	54.96746823590504
P77213	12.763638650680665
P0A8D6	147.5712920985373
P08203	134.90483904560654
P77559	14.512630661174295
Q46868	32.867474749706474
P45532	101.25168327967033
P63204	22.13238788320631
P0A8J2	142.81847529309164
P0AAF6	136.48413803648515
P77154	27.84005204817058
P77634	10.468992681281971
P0AES9	54.194012451212146
P0A717	114.90193457322196
P0A776	130.67899591273698
P0ACG8	61.32940598738599
P75830	80.92307837825615
P27843	15.697914626307606
P0C077	211.7614870233601
P77674	73.26534420422097
P33607	105.3079484084754
P0A9R7	76.09268439321377
P75969	21.558018774143303
P30860	104.94990429272968
P0AB67	72.17477672586861
P37306	46.615470535418545
P0A9Q1	121.01207957219869
P16688	72.24493280838865
P00893	86.41608969364619
P30126	51.329735247366514
P30845	50.90892236405086
P0ABI4	122.51136925731753
P0AFF0	168.22062655043953
P37760	75.7057769400146
P23367	110.17412057396034
P0AFP4	27.294742409539303
C1P610	4.539773359252021
P75864	92.1079182865934
P37669	45.452279090171125
P0ABU0	50.353653939050204
P13857	116.66845948604478
P28224	47.78717401037034
P16676	50.442473961387606
P77463	43.15406480129974
P36655	60.051286433201966
P0AFW2	79.66972883716548
P21338	66.15355544651725
P37747	30.79473754205036
P75938	39.069514254291335
P0A9N4	80.54052141011641
P69212	97.20539469943833
P33228	41.608952142436486
P46136	72.99038563977803
P0AGF2	57.04826986534706
P0ADT8	15.697914626307606
P0DSH2	4.20024953829911
P16689	20.693212137206032
P0AFD4	76.27482788731086
P0ABE5	100.3712273314766
P0ACJ0	124.88458528944392
P0A8H3	120.96286846469874
P77668	69.83653955884628
P10907	160.02074102840734
P77682	67.04499503509685
P25534	62.003924901297026
P22729	243.06655776104543
P68206	9.832901082286556
P23849	122.45345381929486
P76015	84.33379497976057
P31826	27.021337655918096
P16926	67.56785942774945
P37902	121.6261123841055
P0AFA9	150.98867164061753
P71239	53.76011657431588
P0A6D5	43.65927038613958
P0CF07	32.563562741686425
P0A9W0	43.54908891027741
P10908	65.05591917225917
P77279	75.70434862970738
P0AEU3	36.66928179411869
P0AAI3	107.36514265521986
P39398	28.552711768760922
P52044	12.176781026863853
P16095	49.326336389026565
P52067	21.285187287715964
P76216	45.335126585419644
P77503	9.830348962829145
P25772	67.69771433101934
P0AAX8	82.01252923375267
P25437	105.59756609276357
P07813	78.74247018017557
P37689	39.032602944309275
P37197	114.84908173990877
Q46915	3.51688333351696
P0ACG4	8.62585187763182
P35340	75.73929921145606
P51981	15.242045050173136
P23173	43.53189776157554
P0ACC3	61.95944904583459
P0AFG8	87.05804647520935
P0A707	70.5443807296663
P0CF79	8.4397154729945
P0AFW8	24.22678573500948
P03960	134.3323758711844
P77044	65.37347948372621
P37387	81.74083086688125
P09099	89.5421265347554
P0AG59	77.03454413455958
P0AFX9	26.840480332360144
P63883	50.85895827005212
P52129	73.82284047730668
P76108	45.578203684684375
P65367	21.687033144043742
P16684	19.78740542771201
P16433	1.9237003259908347
P09155	106.75000048867578
P32132	103.46887799364768
P37672	9.830348962829145
P0A796	215.80901789576393
P25526	96.45774299761959
P0ABJ6	184.64586145532485
P0AFM6	121.69956125873357
P37018	13.741522682429736
P0A9W6	30.054269900196445
P0AAG0	164.43536495231464
P13039	113.11068472788368
P69822	99.74266556129854
P76402	27.942205227568106
P0CE53	44.467430345327124
P37630	28.575924540188453
P0ABS5	77.33041844231656
P0A9J4	52.40006177734742
P0A8M0	98.22628046960611
Q2EES9	80.9077423973674
P32055	21.439989437265957
P0ACB0	79.49022640304383
P0AC88	28.92578636836516
P0AEM4	38.19960906833253
P05523	166.17315435493174
P77804	25.21273339822131
P37195	40.52430283989494
P75893	71.20563964758249
P75811	55.05750003148278
P76369	12.176781026863853
P77308	37.16360254292199
P0ADB4	41.0732974322129
P77736	5.0097276322496835
P15770	63.279613388903975
P07364	100.41638834580384
P0ADE4	86.89091501077208
P60340	113.65715520786665
P42632	104.96034740137569
P77319	27.298101241422486
P0A752	89.94501652597329
P69222	20.075170491074836
P23522	95.6746710658803
P22939	94.36446739499446
P0A7C6	9.477506225157645
P0AG16	108.76348920081902
P69428	140.77735904806886
P46923	81.73991327705544
P77374	16.777985900780973
P25748	23.776244072981036
P52126	22.124802910544254
P11458	83.34663521946104
P76499	13.741522682429736
P0ADG4	230.22234858694318
P60716	120.72586130688576
P0A7G2	79.15560286278244
P52061	111.51875692692687
P0AGC5	53.71407311693097
P00350	126.21833876690766
P33570	56.97491147464902
P0ACR4	12.176781026863853
P30149	24.574463055013695
P22333	160.25214588657883
P0A8D0	61.272997160794226
P0AFC0	93.4582629893083
P77580	22.99530895243903
P0A7I7	54.486834340315255
P24242	58.638970433661775
P64602	57.26107862487931
P60932	67.38710783628316
P16525	87.18891373043643
P64614	97.36105373176427
P36680	24.2896112795044
P77510	116.19347713813953
A5A627	67.39048458723764
P69874	155.58532934347627
P0AGJ7	108.3620183445923
P0A7D4	98.2372925149888
P39315	18.74377018544306
Q46893	40.76219506546597
P07014	56.48111392356665
P0AB65	31.460529725109634
P0A986	12.454409358137534
P0AG00	27.518066599480328
P21170	127.57257483454308
P06722	106.15567550024248
P33591	150.98867164061753
P23909	163.2396725270623
P69856	101.63187103556525
P0AC33	89.97803851812613
P25746	46.46149458326596
Q47690	54.7711032910329
Q47537	79.22491952525242
P33937	80.18501832402167
P62399	88.45185478525046
P77499	39.3753026478956
P0ACK8	37.51873368912699
P21165	81.92670021031614
P02924	104.07968611380772
P31550	73.67551851043596
P0A7T3	136.41913505815833
P64578	117.3011576507569
P29131	73.11031206321977
P0A780	1.9237003259908347
P23836	98.69231557131887
P77726	22.182697633488658
P0ADF6	82.00145470449826
P0A6T5	98.41121599221381
P38394	14.973020862906942
P0A6F1	109.06384955926666
P0AAR0	18.93402730851534
P03961	128.3419136128067
P27835	20.26038336920889
P76053	40.83747153371998
P36646	15.697914626307606
Q46865	137.7189375304506
Q47538	159.09448477014635
Q46851	30.074660148890054
P76135	47.71758694566689
P16431	19.580351176656553
P0AA76	190.0529203370165
P19318	86.29457647983607
P75917	11.31427008648333
P32701	63.19919464388318
P68398	120.75138602289987
P77252	19.439989437265957
P0AGL7	90.33984215988717
P0A6J1	43.093166518850246
P0A873	104.15974930256584
P0A9E9	12.176781026863853
P27126	42.65614702831182
P29012	67.37799811089553
P0ABC9	55.10404707596766
P0AEB7	11.31427008648333
P37146	88.37762752010038
P0AGD3	102.42826207748875
P31455	15.469377741695682
P0A6K1	37.783254093934126
P0ADV1	64.72201213591606
P77439	14.352096126416214
P21507	134.8368208846037
P0AA60	28.841697390201087
P0ACC7	117.89274041039867
P0A962	86.03464069722126
P0AEK2	112.5441246686391
P0AEN8	64.00263332543372
P25714	72.61573042719974
P77774	91.6912200907143
P43319	48.33396740684025
P39359	63.090296050986964
P0ABH4	25.423900504677647
P0C0K3	36.892188083681695
P14375	85.88697390665642
P26365	50.85895827005212
P0ACZ2	74.59248602273978
P31135	55.1254687238618
P10441	105.94838218947764
P75933	12.691803942813227
P46474	15.697914626307606
P0AFH0	43.16511841756305
P52643	81.77923387493225
P0AET8	76.46883981909524
P36560	39.921470625673464
P0C0V0	120.21298922364628
P75682	67.72174089574213
P37680	70.48261221393805
Q6BF25	7.7027498788282935
P77555	35.8985757172408
P0ADA3	66.79777941666201
P0ACL9	49.83589194596718
P52043	15.544841284882303
P0ABJ9	94.51354298162111
P75987	88.92804158769104
P0A9D2	39.630385618139954
P37651	39.50465375867378
P0A744	68.4738632200488
P21345	23.902850884603648
P45753	34.40564930212361
P39411	47.448959980048784
P0A784	125.13339411464243
P32177	32.47809170462965
P39346	65.32105479824108
P15081	14.512630661174295
P0A805	69.35642471543792
P0AFA2	174.75141001348953
P45568	94.07989545778669
P33931	78.97562189904244
P46130	15.952938495515413
P0ABM1	55.56745110639899
P00914	100.4685439972299
P76071	30.26603115226532
P31551	57.43172624286017
P64564	31.07634408183417
P0AEE1	16.41701073068188
P02920	138.5716578059696
P27296	126.63393871490288
P0AEB0	36.66928179411869
P31449	12.176781026863853
P17446	42.75171216594502
P23886	232.23092133672588
P0AAB6	24.330145659339955
P37338	43.16591073121668
P11072	38.164291025463605
P0ACT2	40.232700310675675
P75825	110.90239255552649
P0A840	127.28728435910884
P11447	17.31383573324115
P76576	41.51976308937154
P0AFX0	64.97008414113506
P0ADW6	16.49144517787718
P0A6Z6	128.90972278898283
P0A7B8	150.71265083561363
P0ACA3	42.569432722303176
P0DPD1	15.852958734627808
P0A7W7	118.13809389410815
P0C0T5	47.266333753610844
P37001	73.32875195866521
P77756	23.92149506985726
P31545	115.83579062700588
P0ABH9	83.58946430772122
P23200	115.08581375455269
P0A6H8	93.17070389797158
P0C0S1	116.82130262373802
P77619	61.914123439748415
P0A7H3	6.933427958240518
P32716	76.68390517963894
P0A8R9	34.082491454876156
P0A8G6	55.79808291827975
P0ABB4	94.40198176925192
P32125	29.956160459969045
P0AFC3	121.71307643303162
P76503	126.74892021539705
P37745	98.77137933310402
P76014	67.76998326685086
Q47706	15.952938495515413
P76773	86.05004921667262
P75780	151.16184219636995
P67701	71.78048088591198
P33363	47.23924213490468
P76057	49.86759352551894
P77288	13.741522682429736
Q47141	57.17580503178308
P0ABL8	12.865403272448722
P39389	12.176781026863853
P07913	123.127726814529
P14407	85.75952818291903
P77622	37.16360254292199
P24193	26.376979988165573
P0AFB5	152.70493744297042
P26218	42.91772622332434
P77522	57.663254575686786
P0AFA5	15.697914626307606
P0ABK7	78.03520045111814
P13518	44.409794836349214
P76423	85.37553138645036
P02358	76.1298250142603
P39321	67.58878118689746
P77202	40.643031845550425
P0A814	135.96173515196529
P0ADN2	15.312390353265107
P0A9I8	56.2995129868702
P0A9T8	19.763654425646653
P0AC47	125.92725607370267
P0AG44	75.58147715383492
P08194	103.51967703395492
P77781	44.43142210370398
P39361	12.176781026863853
P36659	52.82170940563822
P76339	133.4884229136792
P33593	146.82536882100462
P0A6K6	61.1303173305624
P0ABT2	50.20422360147905
P18775	92.50542222146561
P37013	124.21622259119339
P0A6C8	50.737421131176546
P0ACE0	101.26508537453013
P78285	46.281404218945845
P05637	82.30751204722547
P0AE30	100.73086053758796
P28634	82.30393887914651
P09184	80.86324842405732
Q47679	39.75100942336094
P67603	75.5621363101404
P30847	109.2819814988192
P0AB89	44.346295867219354
P28630	31.296590290874263
P36837	160.2557981027337
P0AA47	75.01059853880477
P09378	24.836323115001733
P25960	9.477506225157645
P43667	73.23450767576888
P11071	233.36548476388003
P76290	50.92817232655272
P0ACN7	58.07168856292784
P21179	118.12118562308314
P0A7Q6	39.8010329708724
P60390	92.84488388075962
P63386	91.65029714845953
P69432	37.56708165658503
P45527	38.012938075995365
C1P607	15.852958734627808
P23481	31.28891038366171
P00946	97.79111589631245
P0A8M6	31.467219530439024
P21829	87.9443177112049
P04391	24.569519258597957
P13482	104.0845496157335
P63264	15.651128178534783
P33235	19.335626352806855
P51025	36.576669131430634
P0A881	27.172172749312175
P05791	79.80792221768773
P0A756	21.63431844815247
P77494	24.722592600023262
P0AAH8	84.85451675716544
P39177	82.44051840499705
P0A898	201.40877873034572
P39363	14.352096126416214
P0A742	98.57066543082912
P0A6S5	26.33400539886285
P0AEQ3	38.946494039898774
P77858	30.495379832092134
P07395	73.05392658687023
P33136	18.502491936188136
P76577	95.73967719610462
P0C037	37.848241899097665
P0A9M8	195.39903016592297
P76085	62.601128641749376
P77265	27.021337655918096
P0AEQ6	71.45433867517544
P15977	99.48277944071629
P0AEZ3	109.01142996199398
P0AGE9	49.41025503116031
P15034	56.969720578636014
P0ADS2	74.409204557526
P75823	86.98245409629426
P0AFK9	64.93572312738986
P77272	84.55913876543757
P54745	92.69199546526235
P37024	36.714593626707384
P0AF06	110.07016303925016
P76575	20.30144441725004
P0AC13	59.56739255204593
P0AFU8	35.85407613879776
P45579	19.855026936544803
P0DPD0	20.39273209387983
C1P612	7.8022855523792085
P24192	83.0029614354755
P07330	133.8764721590569
P33366	12.81307594345477
P77333	73.94548422059022
P37440	21.439989437265957
P0A6T9	67.14533785685185
P0AE08	154.88168673439418
P77704	63.48723933319502
P0AF52	75.00981974532326
P39453	172.94258749941218
P0AEL0	68.25337223098029
P77324	30.02443948825924
P77468	48.810356909139074
P0AFU4	104.87067502548547
P76352	117.1709295508503
P37681	15.952938495515413
P06983	89.95428898754434
P75809	54.12905722135831
P08550	11.609640474436812
P77437	30.495379832092137
P37623	68.85365969460209
P23882	79.62879733770248
P61320	104.76916432358558
P38134	85.50180992044633
P0A817	87.376884338036
P0A9F1	65.93747785217104
P26602	45.76417806113836
P09372	46.40056488927875
P0A7R1	64.26364509176916
P0ACJ8	148.4204683447846
P25889	90.28100494308785
P0AAA9	63.425940543358834
P0AAR8	19.52427059970523
P0A729	22.463394211350902
P76469	77.31929164259526
P27298	57.25433851502686
P23524	96.00093894920225
P76553	28.142739316094254
P39328	56.466050842962815
P0AA41	76.64235432741273
P0AA04	202.61677047945633
P33371	100.43673021605474
P0A734	68.49230047417342
P39356	7.619757222032014
P69411	78.13131411591014
P69228	109.20788464171892
P32156	49.20216282583887
P19624	77.77756212662389
P15288	80.54818858706243
P24230	78.74807081412821
P0AAG5	27.021337655918096
P76291	68.70847438143312
P0AG96	164.07079772627154
P09551	122.76430844473768
P21189	122.51379824279404
P25550	8.054177675716302
P0A703	30.72994841745154
P06986	46.04453538491976
P0AAF1	103.15860209178298
P80645	82.10917474528898
P0AFT2	141.0324759477089
P21645	72.61944016268502
P77348	64.2722840084037
P37766	62.490094623656915
P77402	12.176781026863853
P0A6D3	34.914331089555446
P33647	98.31605381422777
P0A9T4	53.6881419115058
P30748	15.983190650555859
P0C058	48.76381706809553
P25536	65.38580835492425
P0ABN9	122.97944750871487
P0AAW9	38.85211943353033
P0AEG1	140.332376446825
P0AA86	53.155403307774336
P0AE82	182.73561238283497
P31130	68.7851291915758
P32140	87.81849299272218
P62395	31.78967304906808
P69434	82.18957054296284
P36561	50.859594507594025
P0A9I5	35.842625970894865
P42588	57.8733475385016
P32171	79.63442071318279
P13035	131.2901384752308
P0ABF1	80.64443449853022
P06989	40.019155945828686
P0A7B1	155.9764158307128
P06846	28.807716688338445
P37351	53.450090339282454
P0AFY8	166.00528420953685
P76515	5.133907043470414
P18956	91.63138048367648
P64646	17.701954856717613
P77671	62.48267185073432
Q46920	56.27490572973713
P0AEW1	30.495379832092134
P33018	75.63304993618485
P76621	131.08542426009572
P0AC59	29.676471940717686
P0AG03	69.28376213921217
P0ADR8	81.24826995180256
Q47149	152.32000342175195
Q06067	140.20577564465881
P75694	5.0097276322496835
P05824	150.71141025886246
P31440	44.969141116707036
P24200	30.98482408391203
P0AFI5	57.237746724232714
P37049	20.426393187577865
P76535	53.80110381237531
P26647	72.68947528649534
P0AEP1	126.13952891983485
P0AEX3	29.118384571161503
P0A8W8	9.793009000844883
Q47689	74.13463405628232
P52644	12.91214536423162
P0AC51	67.26106863056697
P23845	84.42432474318763
P10378	85.732581229215
P0DM85	60.36439165859272
Q46938	96.26876762613979
P33596	41.81780136896665
P0A6G3	28.14136894892413
P0A8V0	148.18559932726583
P76272	50.36053610130577
P39829	86.22277397235182
P07363-1	211.5198350321066
P76509	7.361712960993226
P75919	92.08069967637798
P75777	5.587272661408358
P0AD70	62.4786507547347
P76234	24.76880042263035
P77444	88.3055763194492
P76346	73.82968516454508
P64467	89.71048071590207
P24186	67.48214972036025
P0AGI4	76.71825390063432
P0AF96	11.31427008648333
P10902	85.69205259507999
P39298	25.314951960414128
P0C8J6	64.67140622621251
P76175	96.14869633646444
P76632	18.663488620269447
P24555	46.569360802361274
P0AAM3	39.61508662134161
P60720	103.77179190280901
P29680	113.2156176676483
P31057	48.31212075345672
P24228	101.25827429830655
P67660	69.32552551789554
P0AEU0	23.22746531365546
P26458	89.23043985532425
P27127	79.52087705019807
P45508	88.08246895621501
P76129	88.58892248248804
P27836	36.49079494294266
P0ACL5	22.13238788320631
P07464	41.4329810401542
P0AD14	102.72927319710267
P60664	68.25735451315508
P0ACK5	79.23216815818527
P27240	74.67815322941242
P31697	36.08633068924999
P76016	28.61311201402898
P76194	51.876256467380124
P76236	27.952355364558713
A5A624	6.971724241467212
P45548	14.973020862906942
P0AAU7	4.881720019873613
P0A8P1	29.244485980912714
P52097	101.46959196299565
P0AAM7	39.61508662134161
P77218	37.82139178565785
P0AEJ6	30.967986842738302
P77475	53.261803545428975
P69488	33.9905049797743
P76146	20.30144441725004
P0AE76	70.47830120843643
P75713	37.510307420040405
P25522	180.200499735085
P0AE16	72.36415459172167
P38101	106.64666274591231
P0A772	29.774341412748527
P69791	85.67715504977622
P0ACF4	24.42798309365103
P71238	19.397886892958823
P33025	56.567958350433265
P31680	12.815990099963642
P09549	57.98820823926379
P25736	68.58127965514032
P68699	93.4950911736434
P0ACS2	26.02468450104892
P37128	36.43392377416407
P67095	43.73354230752053
P0AEI6	41.138354644000714
P0A6D0	202.9271220940792
P0AAB4	116.08125715632602
P37772	56.466050842962815
P45394	25.57632721725441
P0ADU5	113.19202664441951
P76573	4.881720019873613
P0C960	48.79300646316738
Q46864	27.172172749312175
P0AFV4	53.3794035139389
P0A722	29.0179498305403
P0A9K7	215.84334488667454
P77182	101.23830842964581
P37746	26.166907307589575
P0ABZ4	30.62885828050881
P22634	67.12593988023339
P0ACP1	61.865777096948
P0A8T5	17.089997931928657
P0ACR9	54.191527598642665
O32583	38.58899652389704
P0AG30	35.88358993941542
P0AD68	103.30997087482852
P64594	117.06287839795326
P75691	27.294742409539303
P0AGI8	102.99470974699392
P0AGJ2	87.14273739571867
P26616	51.645231252282386
P76093	15.697914626307606
P25737	194.6778040579314
P69853	38.72935766222154
P0ABK5	119.38880229667204
P08245	20.812136085241043
P38506	133.27583641749425
P0A6E6	69.53113090317586
P31452	7.95190901760835
P0A9Y6	85.6640227688088
P75958	54.91044184305302
P76399	100.91633363695279
P45530	92.53212367045971
P23256	93.30973890791178
P0AEY3	47.856793713317415
P71301	15.142465351822793
P50465	105.4418419049296
P0ABC3	71.25314676557791
P0A9V1	50.40353528847233
P64574	16.79301619417153
P30844	158.90928685774637
P56100	44.809851160486026
P02930	260.44942074488813
P0A6Y8	192.06111680676435
P0AC28	33.39795709883313
P07639	78.88450300982844
P39451	85.78013401862603
P02918	152.659877600239
P0A9S7	256.5599057920983
P04995	187.84848287590097
P24216	14.615504268804063
P43329	49.85646838381578
P76474	43.0133880297962
P43533	1.9237003259908347
P0A9C3	61.57987942698192
P77161	55.94613742702658
P31549	122.74708902160216
Q46939	39.469779666520644
P0AB87	95.67669198676025
P08192	143.34900411914393
P36548	72.66296961420831
P76082	66.91295555230438
P31467	39.74635032006649
P0AD44	36.101587355327425
P11350	101.23991129495255
P77485	171.02530713814835
P06720	111.604398761239
P19930	22.479042758239817
P31802	22.13238788320631
P77467	46.52646435528405
P36566	74.27529916381422
P33940	58.563663889116256
P26281	39.8031755626823
P16659	112.15044306448617
P60472	114.64151542121834
P13656	40.79952666191018
Q46812	29.466928537388476
P39099	107.68275931038181
P45799	35.43392377416407
P75992	22.85137771683389
P00452	95.84146845198653
P0ACH8	22.13238788320631
P0A8Q3	87.75889051617024
P0ABZ6	94.7762154507584
P37619	51.30363093102458
P75838	60.926731800525445
P0A6P1	34.66623300011298
C1P603	4.539773359252021
P03018	169.73373884076096
P76154	12.454409358137534
P32166	52.287091567657285
P0A7U7	125.7470255241634
P0A6L9	44.72707637334081
P0AFL3	42.61468848049207
P12295	66.41828983404511
P24188	63.60287041892167
P38035	35.54080591880303
P40191	117.04916638877054
P31456	60.9180318485818
P22523	101.584268088571
P76041	27.84005204817058
P77766	189.23804909503164
P60955	64.36232858977931
P69902	44.120765825070755
P77309	12.176781026863853
P08244	77.46712938460603
P0AE85	37.5042135095867
P0A9J0	73.10287984122428
P77334	116.87414816551191
P77712	84.28908793354856
P04825	43.42627754586901
P0A6U3	100.0995719042265
P43671	41.9203047052696
P52076	18.005061787776008
P33224	77.44434969033205
P77396	14.512630661174295
P0AEZ1	39.61507638370097
P17315	124.76340617561432
P28632	6.933427958240518
P0CF89	20.3435830766352
P0A8F4	40.5965997284382
P0ADZ7	29.25030885125703
P76373	48.36005396341125
P69367	5.587272661408358
P33359	56.48161253408708
P0A9G8	97.98835468240192
P0AE34	100.73086053758796
P36767	41.1709973516261
P76656	15.471088099284163
P0A959	108.04146974283996
P45464	63.10518182295395
P0AGA2	183.29007867514517
P46889	198.05836007239634
P25741	74.67815322941242
P76446	63.19919464388318
P0A9W9	22.208481632905034
P0A6A6	51.329735247366514
P0A978	12.454409358137534
P0AGD7	136.4909120983998
P10423	44.91546961368959
P0A8G3	48.50749802936269
P0AE56	19.444629425759633
P36672	95.92081415575824
P76080	35.67765243407141
P69423	138.76692208379356
P11663	26.603858273477798
P23877	135.77494106024403
P15005-2	157.7694897762156
P76251	76.92247415657505
P45543	19.672774663090742
P0ACQ4	79.61666659019639
P31801	103.0139943877701
P0AE52	70.76160116279635
P20605	9.626450204819129
Q46871	162.0186818318222
P64519	97.36105373176427
P0A9H1	76.3840741187072
C1P608	15.852958734627808
P00490	83.06565837939526
P37662	36.672833935351136
P25906	67.8926560281724
P0AEA5	77.5899186394655
P0ACY3	59.1955833640546
P38393	26.09991255297257
P0A921	133.07680778148492
P20966	102.5153853084774
P09147	107.81180543313906
P42628	75.5837194510031
P07000	54.88167692836946
P37019	157.42830412435046
P0AF78	4.91128898097127
P0ABE9	65.53596403554579
P37774	171.91631738734588
P0C0L7	158.48977899164012
P0A953	57.37656272052362
P77579	14.352096126416214
P50466	67.16649695717282
P77541	86.54753088355547
P37182	40.402690725551395
P0AFZ5	116.68676592807728
P0ACI6	84.44832156505498
P77338	95.00753738898214
P0ABN5	174.60947326926984
P77493	19.672774663090742
P0AA78	73.18381716971376
Q46925	37.082622279358716
P61175	128.44370364435918
P03004	65.40452662107685
P0AGC0	100.76651440518836
P0AEK0	55.647271593307536
P0AFM2	53.55470702800101
P0A6W3	28.005112381654705
P0AGF4	129.91042213379004
P0A9K3	1.9237003259908347
P0ABP3	136.03332312300182
P0A6W5	59.27210843589711
P12998	60.72410787601933
P0A9J6	85.81461205180571
P31453	12.176781026863853
P0AF82	26.031949962475714
P0AGL2	18.155203876673724
Q6BF16	82.72461449913943
P27848	48.33866359817538
P16679	37.39756793859909
P37677	59.902694451822825
P52005	72.2752086082257
P60785	144.30403595694125
P38489	104.35506030717931
P24182	91.43680697854829
P75783	59.61567977128054
P21177	136.7250072750733
P04951	84.10703110626447
P0AB31	41.02083001231876
P16869	15.952938495515413
P07648	131.08255993456856
P0AC75	44.55428686865576
P07004	57.58811245686796
P46119	29.492660890201936
P0A6M4	79.02996589491528
P76472	29.049871870472977
P45562	75.68320973304282
P69490	51.72446241507361
P0ACQ7	69.42229280082752
P0ABD3	97.17783132551587
P69348	173.28543651013572
P0AFR9	22.064049832574344
P15877	118.8683266897462
P0AAB8	52.74778645975878
P0ABR5	36.94068683990521
P0ADQ2	26.47042148189527
P0A9C0	87.52825490530856
P0A786	4.91128898097127
P0ACC1	99.51581940015141
P0AF03	47.02108082866014
P0ABY2	14.615504268804063
P0AB38	91.54409598417281
P52101	163.53897181898108
P04805	108.59964542023882
P0ACA7	34.40942184040032
P27303	124.12001981119529
P37692	72.35418007160999
P0AG76	111.16280992991464
P76128	6.4847830071810515
P0AC44	48.711605531963606
P03819	123.59294870627359
P39206	10.456276119287647
P0ACG1	7.619757222032014
P0A8S5	18.29805791504397
P32684	120.97410938671479
P0ADS9	11.31427008648333
Q46916	64.21080083614365
P66899	41.239913632220635
P22525	108.65558411175178
P15032	70.23075259201802
P37353	42.598652450670556
P0A6L7	60.92280949291299
P31665	15.321561716312717
P0A9G6	63.558965330157925
P77656	5.133907043470414
P19323	109.22693806624068
P76257	38.15901214286891
P0AAG3	19.763654425646653
P27828	57.100713322376535
P09424	56.23363080997626
P42620	14.549167210285091
P77399	95.36892997926631
P76297	16.89735285398626
P37180	55.68388356529631
P15028	96.89142536817603
P10442	106.9787983660244
P76104	37.12931276962878
P0A720	108.89321585001736
P27254	26.528714169563905
P75855	48.33396740684025
P37025	69.08227813698318
P0ABW5	13.741522682429736
P75991	30.73141701432928
P0A759	82.22151601928286
P09832	35.129704086017945
P11553	86.88677470614283
P09148	113.91464251107395
P0A6H1	172.31983753596
P00579	27.350412573387274
P0ADR6	83.48062953942313
P64581	34.904966390563516
P0ABE2	14.10048135285469
P04036	40.761148930773096
P40120	11.904513377673215
P0ADI4	133.87140347937006
P11667	103.86481220502402
P0AB58	45.5499995076416
P0ACE3	12.807164695785776
P0A8P3	12.0996913281325
P23003	109.32550538039933
P0AG14	8.054177675716302
P30843	59.6217487955211
P0AFF4	144.32334421711568
Q06065	71.48751472022062
P69913	185.13844232513696
P0ACB4	113.99420599176085
P0A8V2	1.9237003259908347
P30863	60.73365657075817
P33915	72.37058654118216
P0AEX9	167.19141299270564
P0AB52	7.5153049062142045
P33013	95.31439781985483
Q46855	90.65420909221889
P76237	27.952355364558713
P07654	85.73307612056165
P77529	94.33851617987456
P09029	72.48864865370929
P10346	88.22023909358658
P0A7H6	52.98178042465149
P0A7M9	138.90592884078478
P71229	50.25232545366955
P75910	4.539773359252021
P75895	45.04683196286059
P37773	50.32581847924697
P25742	73.35418007160999
P0ACR7	12.176781026863853
P76008	71.65672508567145
P16528	14.512630661174295
P0A993	65.10608674154844
P69908	71.89717314349838
P27302	97.27387226746288
P32144	62.96244898011254
P11868	93.56714116490897
P0AEC8	158.3971951372959
P0ABU2	73.97944046601124
P76143	27.016901349841522
P76422	76.60920848735209
P0AF63	25.40211527182722
P60778	27.307555100744416
P31992	16.827007550894294
Q46866	28.807716688338445
P76403	50.92817232655272
P76513	7.361712960993226
P0AFW4	24.537308634889953
P77239	187.23703240994342
P31462	66.30583284996031
P23485	91.67472321398282
P23890	36.72950483750817
P0AAK7	86.87731005675867
P37637	86.67373990843267
P0ABS1	55.25450949776242
P30137	61.49293265951016
P0A7U3	33.781355678215114
P0AER0	106.52197692636048
P0ABD5	62.785710960290004
P28635	124.77980768709307
P0ABB8	160.4627145516512
P75905	64.1272895685395
P77625	88.50915047338832
P64554	67.6291863874616
P16691	97.40512894892362
P0A7L3	134.8629570333782
P00903	46.369615696795705
P0AC81	67.9746471002041
P22188	62.79953657418597
P27128	70.49619907648241
P0A7R5	67.29585379277404
P07018	41.13425484386265
P32719	60.956963697596606
P25516	149.66240500649235
P14175	128.27385565405024
P0AGC3	70.35886013629481
P33934	2.090004221593599
P0A7X6	61.12509139006363
P0A8W0	34.30916891007016
P42912	17.827007550894294
P0A935	99.82588701416768
P0A9P4	63.839427105741294
P76193	71.98785126003702
P65556	10.672604297809524
P64634	34.40564930212361
P0A8H6	75.62505004434634
P17846	42.632060893628505
Q47319	72.92287207793485
P0A6I3	84.07380341175156
P0ABR1	20.93194415381822
P60240	88.44024562999809
P16700	73.65926785583702
P17443	71.08009068845611
P64426	41.0732974322129
P77414	53.76011657431587
P33595	73.82508905401886
P75750	25.56970603407421
P23842	28.576602043377385
P0C7L2	56.97415319826296
P0A9U6	19.796538248895867
P76398	100.91633363695279
P30958	123.89410131850363
P39358	61.782173755624626
P0A9H5	57.70860858128884
P0AEW6	148.73104425225998
P0ACU0	78.89837780155077
P0A7H0	52.98178042465149
P0A7J0	52.14822939767409
P0A910	134.72550198910375
P75966	86.0539542148229
P0A9P9	65.3210547982411
P76027	57.709559542811924
P0ACH5	52.18087440146147
P28305	72.30261968927596
P0AAZ4	85.9357700598069
P39360	12.176781026863853
P63228	92.63362619956139
P32662	83.77716782710435
P77717	1.9237003259908347
P0AEI1	77.27779766062223
P0A769	147.92761320577128
P0A6Q3	81.53862874638766
P23883	38.639761777725205
P68187	173.87253962827134
P33230	8.84120425882087
P0A9M0	161.7976265277202
P19319	79.79636383744963
P25553	112.28091876973471
P0A698	79.08728866827171
P32141	64.67477790440094
P0A847	116.63659339657093
P05055	130.20873524002064
P30140	69.40988918232541
P77445	38.76337878948032
P09373	26.41428814229868
P36553	117.14970501696699
P37685	44.94675450921503
P63746	40.11817271692001
P75736	50.844665365337285
P0AFS3	103.4981883448063
P0AD65	143.80516242083633
P00926	105.69086284273504
P69776	92.87913310940654
P69820	96.65266133970493
P10371	36.40754442662714
P76425	135.19440299050302
P24205	51.238309939399855
P37624	137.9779292909951
P37388	89.26348030669271
P0A9T0	118.86466632676677
P75792	59.363341571891034
P37794	61.21033350039271
P37640	12.176781026863853
P00959	93.43564690686638
P0AG18	22.458452395649452
P0AEC3	144.37374284081525
P32672	30.05001075272382
P0ABC7	71.25314676557791
P39352	21.384307024883398
P0ACS5	93.17060479204586
P76330	50.11257602245636
P12995	62.26016077625954
P39310	12.81307594345477
P0AFH8	41.08864084993719
P05825	212.05776665481562
P37673	5.0097276322496835
P77692	29.466928537388476
P0ADZ4	136.8920310519644
P0ABL1	85.79419771285642
P13000	84.76801832454154
P39305	41.81674333015951
P0AF67	148.51097216471132
P0ABQ2	82.79074761782516
P31125	148.22016899701853
P33343	13.741522682429736
P0CF08	32.563562741686425
P28861	87.55079176096412
P77307	56.04056583643735
P0ADM0	5.133907043470414
P0A7V8	228.82421684706665
P0AC19	38.19322887563419
P0AC30	45.73459268431057
P0AEJ4	179.5614365644735
P0AEJ2	57.45238652417855
P0A8S9	12.176781026863853
P0AG74	69.68911303353049
P60546	36.67285188277893
P0ABY4	21.687033144043742
P13033	95.96771392198013
P52647	28.070322306855868
P0AFD6	92.48642892897195
P45523	43.55436834619014
P0A6K3	91.5973238631325
Q46820	9.609640474436812
P76536	44.1129863548524
P0AER5	13.361299953746052
P69829	58.61128769824476
P39832	118.53602762371104
P0ACX0	15.697914626307606
P10905	118.84918720922089
P52094	144.05546032170872
P36979	142.49787027678187
P0AFK4	116.71758039699182
P32689	16.917529435466978
P23331	105.9848873355205
P03007	91.41890525012916
P25524	118.29163613598828
P0A6X7	62.75515466789566
P0AF90	102.9144744885766
P64588	57.17580503178308
P37636	63.72133543168724
P23894	69.9912934583906
P0ABY7	12.176781026863853
P0A843	109.8638929911562
P31547	171.15039720883706
P77806	32.149836427636885
P33927	69.42215962297675
P77783	16.777985900780973
P27242	64.91446459861548
P05852	89.92137177256193
A5A616	52.49119163536183
P69503	109.43392711985629
P0AG84	27.294742409539303
P22259	69.7941292210025
P0A7Q1	52.80830495963246
P0AED9	42.081764536519785
P37744	60.64510047387439
P75779	19.371284042318674
P0AGG2	63.84649885715675
P18393	45.575438263999104
P37758	87.4494753543694
Q47377	43.0133880297962
P12282	41.0334921736797
P11880	74.40917704862278
P75993	39.63874985783206
P76198	23.240448700119426
P77375	11.904513377673215
P30745	47.89821707927248
P21517	84.24305232525101
P75995	30.69243222557442
P0ACI3	19.78740542771201
P08368	70.96373342398908
P75820	78.29301094257939
P32687	51.91757788564924
P27248	49.78795486880913
P0AG63	106.99722985859103
P30864	23.93816813842278
P08365	18.63431844815247
P77169	19.283564744745394
P0A6Z1	118.12326859910976
P45470	152.50859405126175
P76045	106.84562040434349
P33341	32.857418413623655
P77754	50.55741878853415
P38684	22.94268365318992
Q46845	12.04666686975591
Q46835	15.952938495515413
P03959	134.33237587118444
P37657	30.07783901655729
P0A7C2	108.16782839043708
P76347	19.945466704286588
P31827	64.57087389757183
P45395	94.97308285366147
P0AB49	101.28751326674629
P06961	131.72963826198674
P77432	46.6999730324229
P37057	30.26603115226532
P39375	29.815759591694025
P37627	34.79364137271029
P00961	1.9237003259908347
P0AFR2	170.25962064581108
P30979	12.176781026863853
P0AFJ7	165.0770409920435
P37095	48.057722390624164
P77433	19.439989437265957
P0A8A0	11.761387111558925
P77211	234.6781252637438
P63183	147.69626235575524
P07017	207.41174410290898
P76217	28.738700815764666
P75994	11.31427008648333
P0AEZ9	24.220819862933748
P0A7G6	113.5491075434087
P25519	239.55247822222398
P0A955	119.68482944034857
P0ADH7	25.93120219074953
P37344	61.8521041123225
P76062	55.46536347147004
P67430	34.082491454876156
P76116	19.52427059970523
Q47152	108.91610361020803
P0AFI7	100.37756671086238
P76561	15.290273986698471
P06282	57.10964733565521
P09391	60.25325325310993
P76500	13.741522682429736
P0ACU5	34.082491454876156
P64442	24.47826859985576
P27238	14.512630661174295
P0A7V3	77.03454413455958
P0A715	77.36622341487086
P0ACM2	19.796538248895867
P11290	63.1257413241099
P0A7D1	63.97796879879163
P76249	69.61487720065013
P0A9Q5	148.28836951249772
P0AF36	43.70153730632042
P30139	30.461546664811024
P39371	25.483593415123924
P33225	89.86412692432201
P77649	41.38323821270683
P0A7L8	136.23040290571973
P03024	38.94061375482532
P0ADC6	50.40353528847233
P0AG38	105.23163839819237
P09377	19.78740542771201
P32695	14.549167210285091
P00936	64.43489560632923
P76091	6.565246355078359
P0AC41	87.81210824693193
P46837	11.761387111558925
P08204	98.40499876189311
P32715	43.49420451424976
P0ABG7	70.22754662492937
P17109	74.11683892830337
P61887	94.0279825682146
P32688	16.917529435466978
P26459	102.15739917139584
P21889	78.74247018017557
P17445	91.08727411382559
P0A6Q6	69.6372931694524
P04079	92.37928050717227
P0AB83	151.90679366901708
P0AGM7	123.66167493009932
P0A9P0	144.01885782016944
P13458	125.39838468612895
P76316	146.22016625239604
P0AAF3	119.11220669665346
P0A8U0	48.75403563593719
P0A7K6	99.76424513851558
P0AEN1	55.1138486206392
P37666	77.51565777339906
P0ABJ3	184.64586145532485
P08400	169.28171551561152
P37671	36.42747391037046
P0DKB3	52.98469942987789
P0AC65	44.24373624697216
P0AG90	16.53422888604565
P33634	12.176781026863853
P30177	12.925616948291722
P0A7F6	72.65820531379579
P0ABV2	51.33278414295509
P23876	129.16530058580724
P39180	15.952938495515413
P36929	80.64773952525839
P77249	13.611950635124014
P0A8N7	93.19542487969048
P38051	36.06732758525965
P11988	45.359406730947114
Q47274	41.23711271753398
P0AGH3	71.36116872611262
P15078	110.23750881925451
P0A862	80.81738966905205
P75906	87.62562905212299
P0A6P9	137.03808847324896
P0A6W9	123.58977825309323
P76078	37.60135276006225
P39264	15.897352853986261
P0AGG4	47.879203765471644
P75851	88.19035853283762
P32154	16.442100348009813
P23847	142.22934808408664
P0C8K0	14.422309488038902
P64559	56.23520691594653
P0A8J8	64.89614031040702
P52600	69.54692956188136
P0A850	97.41596876770798
P43672	95.2096808436069
P0A8I8	96.09335462871624
P77365	4.539773359252021
P10443	79.78884158307368
P0AC94	127.57004766362043
P69824	17.442100348009813
P0AG11	123.76146344819038
P76350	61.90901604906354
P77215	33.55723121312032
P37909	7.086078518379799
P23862	41.3829923085548
P0AD99	109.97207634437476
P0AFA7	86.54668345767767
P0AAN3	70.23231511501088
P25798	77.93773527567531
P16919	35.00303997640332
P77570	12.52256580729123
P0AF32	82.79175458419705
P11551	191.34535663603282
P08312	73.05392658687023
P0A9N8	61.820738514753884
P16687	75.24424466798436
P15286	4.539773359252021
P26649	72.60181404480457
P77181	24.38206615627267
P0AFP6	50.03656812810931
P0C054	77.42386370524981
P77397	93.80426732963757
P33342	13.611950635124014
P23871	67.69566493032816
P07001	81.3149319170042
P00935	62.6753925909863
P31677	85.60350695277823
P37682	12.176781026863853
P0A7R9	72.80789691937295
P69346	63.450063026450024
P32155	14.352096126416214
P37678	37.73117498886614
P52074	35.04374513840304
P0AEG4	62.02747987356771
P0CE48	28.956160459969045
P32705	118.46053007239725
P0A7Z0	35.35130385740077
P77183	10.211412705540283
P21367	4.91128898097127
P21888	112.91945719629693
P75799	154.15178746748313
P06992	172.28145885655928
P46187	5.133907043470414
P0AAC0	94.6467398664623
P0AFL9	22.35335879035754
P0AFY6	111.76014394264482
P42596	90.01791406499981
P07117	67.54413873812794
P0AB85	54.904617369471524
Q46800	75.05607540541179
P28631	31.296590290874263
P0AFW0	164.94973002107872
P46846	34.40564930212361
P76938	65.30955504358842
P33352	20.30144441725004
P05041	57.170220258166566
P0AEF8	140.332376446825
P07822	93.98684493325473
P0A6T3	82.32893158626615
P60906	78.74247018017556
P02925	77.75097882225734
P77228	38.47804967197845
P0CG19	142.05537325692632
P77455	103.58530606868395
P77357	78.12573559854691
P43337	9.0287481080348
P30176	79.46069012837883
P46852	24.743770185443058
P77091	4.881720019873613
P0C0L2	66.15427084904675
P75863	19.659348685339754
P0AGG0	105.26916798530195
P00894	56.043656853455964
P37051	102.03546048712636
P04128	18.652811663401003
P76034	26.68941168803815
P05052	89.02005571789415
P36879	19.283564744745394
P0AEX7	243.06655776104543
P26608	12.691803942813227
P23873	101.69083713836179
P0AF98	50.40353528847233
P0A746	61.89993047277538
P39404	42.19438974082744
P64557	0.27984413621611
P28904	62.1036921562261
P33643	103.74104789064555
P77489	35.8128960213198
P0ADA7	47.39753568778746
P0A8I5	77.11805942200304
P0A832	27.103778647447626
P41036	124.05464325902939
P23895	146.39748132788813
P02919	239.38158492201194
P0AEE3	101.76666641381371
P0AEM0	29.53437775109699
P0AA53	27.629368203803843
P0A7Y0	116.56611514214225
P75757	41.820400716694124
P77562	62.650163569094744
P0AEZ7	59.36667618977725
P64596	22.518184850593773
P33234	35.54080591880303
P03813	24.529757429722586
P32136	61.134394652649995
P0A7N9	81.16874981524327
P64550	145.41488098129554
P00956	93.43564690686638
P30011	76.30915806473531
P0A6Y5	76.56391316773818
P39304	81.60152840816181
P80668	122.81928277211534
P76145	28.651084399787067
P30125	110.21057887291606
P24218	21.191579983190145
P26266	92.49601879168853
P18196	36.27491501488591
P08201	100.53825363178255
P0ADA1	92.41512914472598
P39394	50.247036711078465
P77454	51.349098860534
P55734	37.15195666748563
P19636	37.08946041650961
P61949	3.090004221593599
P22106	124.36014900877203
P11454	125.17111326788259
P45531	92.53212367045971
P0AEM9	127.31081533102956
P39325	69.94751507868085
P0AFZ7	122.45345381929486
P39286	94.4756249346169
P0ABF4	40.11817271692001
P0AFE4	117.3664703644286
P45807	7.8022855523792085
P0A8F0	75.87032015012232
P18811	79.2605594472864
P0AAC6	19.921416407498
P39277	264.35197140230974
P0A9Q9	59.24437999166225
P0A917	17.876638821506248
P24173	63.388395786947896
P0AD92	13.985661272113923
P0ACF8	128.12642547300857
P76501	13.741522682429736
P77150	82.24099569110531
P28307	16.225559067454597
P77495	25.923476207677957
P0AAD2	129.34762539337947
P10384	84.3303962698237
P23484	119.27894387540307
P0A8E7	54.81782498256038
P0AFF2	148.6008307969032
P64606	62.49000056990494
P33594	146.82536882100462
P0A6J8	50.096559342857375
P45463	42.69101477460254
P76002	28.118028480855514
P42915	32.857418413623655
P68739	73.72747605502163
P37690	80.04550359227235
P39377	42.50177249263405
P69786	120.46711847432653
P76141	84.86469926644988
P25907	15.471088099284163
P77731	17.313835733241145
P0AG34	126.450919347066
Q47622	11.904513377673215
P0DMC5	183.7158828338469
P0ABH0	48.251794383522814
P30749	1.9237003259908347
P76387	145.2221237650717
P06709	136.21455384865502
P76049	5.726997425074971
P39280	48.28434622386463
P55798	42.01287831075494
P27250	41.98791913623014
Q57261	76.64235432741273
P36995	48.115530165351736
P13016	39.94143612120774
P27253	36.93226802979475
P29018	226.5329724441614
P09169	64.85472586243728
Q46806	23.262708992793392
P0ADE6	38.23045767634356
P07604	55.911284199801
P08190	9.211412705540285
P0A9S5	126.61999761515038
P0A6I9	72.46416293731475
P46888	80.79849560152009
P0A890	98.18164592642975
P0A8P6	89.47944141441373
P32709	48.82882942526308
P60438	77.22533334360965
P00861	65.94139338541027
P75785	33.78536906321689
P69808	56.944724891523435
P05050	185.64340126803393
P0A7B3	89.18556841653383
P77718	101.5386463608876
P67080	9.597126899421239
P75920	53.08186982740844
P77581	114.38367600352221
P0A972	102.41744582988571
P45578	88.78610069800814
P09162	97.36105373176427
P76063	7.7027498788282935
P0AE58	40.76647200695507
P08200	85.32615961760501
P36683	193.5412172585662
P06611	100.45694439224974
P24240	80.15304810365743
P23840	12.099043071531664
P0AC78	150.54236244772954
P42603	15.697914626307606
P07013	104.75228319734592
P0A7M6	75.58147715383492
P31660	59.17102600007219
P0AEN4	36.999937250831564
P0AES0	51.22042094483773
P33128	13.943156543599386
P40719	107.92808430238897
P64548	20.30144441725004
P24177	71.89188804376238
P08331	107.92471785344549
P0A725	96.8922266669258
P0A927	117.1910739223781
P76518	15.544841284882303
P75853	56.81594964195534
P09053	87.57712239324022
P23841	35.54080591880303
Q47157	93.07737446312937
P0AEC5	196.10481365199004
P0AG86	97.61545597723708
P77596	61.782173755624626
P07023	71.37262704086426
P60061	127.59487973315927
P76397	42.84505718816455
P64461	17.82700755089429
P0AF18	103.07060993392507
P37646	43.71906739520018
P63177	75.4559515657075
P64530	28.807716688338445
P0AGJ9	78.74247018017556
P37050	13.741522682429736
P0A7Y8	71.55779842163427
P38097	39.53150470021632
P0A7S3	160.85748856548554
P75957	71.20189515009008
P06129	82.60833106577155
P23872	102.17161662818631
P00393	166.92196822907562
P37610	126.77149839656235
P63389	37.77909829684714
P0A6E1	53.69226529679929
P0ADF8	78.48187306621732
P00550	99.5057766564794
P0AAA7	31.14986797986181
P0A6Y1	24.836323115001733
P32710	48.898263328322386
P67662	51.73052455867862
P22524	1.9237003259908347
P31442	86.911582145916
P46481	11.338399551635971
Q47534	15.952938495515413
P39333	59.32598783305199
P68644	54.98791703316057
P77434	88.25519429835286
P0A6R0	35.41569215095835
P14377	157.4163738614549
P11875	78.74247018017556
P0AFP2	38.20581863937484
P0AAT6	69.35090592507599
P0ACP7	77.06999789537265
P23837	208.74431697950223
P0AA16	53.55640626732223
P27243	25.176666720732136
P0AB24	48.20099957228183
P75959	50.78523218863946
P62617	50.195960155788775
P75942	12.691803942813227
P30014	77.5261649453965
P52131	7.020164596524965
P39161	12.176781026863853
P27859	178.66497072740216
P31120	78.73508503573244
P07012	61.529648476399686
P0AEV7	4.923139947253594
P0A924	145.39084744114945
P75804	61.87984541208633
P31979	121.33333340979407
P03817	29.389783022872034
P60422	91.91851007030047
P0A7W1	103.4919400156257
Q47140	36.94068683990521
P0AFS5	51.38236490449472
Q6BF17	81.4164922037771
P0A7Y4	97.56762369747506
P0AG55	99.76424513851556
C1P611	15.852958734627808
P0ABM5	28.563317898756324
P71237	53.175154073594726
P0AC23	104.65637467663284
P0AFQ2	37.923877359897
P0A8Z7	8.140065130898957
C1P609	4.539773359252021
P77171	53.64403980334017
P0A9D8	66.71160562637597
P0AD30	10.82214114263802
P32721	97.76173600113289
P39386	231.34790935966433
P30855	139.39665319492272
P11446	41.5169521391183
P39265	59.560267025580494
P18133	59.12841097645059
P60844	105.60170184376658
P45522	24.09927388727306
P0ADP7	36.195227166936874
P69811	100.2375321058023
P75869	77.10835179588737
P52127	10.363415798985335
P45758	4.91128898097127
P0A8B5	14.273341044056421
P0AB20	56.49787066884178
P0A7E1	76.93245287927523
P0AFU0	72.37058654118216
P31459	88.62787394521285
P76270	24.421842090555696
O32528	26.920064526145296
P76344	171.1616943733209
P42604	62.95285253787988
P0AF24	90.8505599996549
P77335	54.43592939709832
P55799	36.84618133216686
P0AA63	31.726536073053925
P17411	74.25753057479164
P76256	67.08151751582399
P0A6A0	7.439715472994499
P33340	48.33396740684025
P0A9C5	63.62381018060678
P76506	53.135383964675945
P0ADE2	51.277970397522616
P0AA84	133.52215090521915
P08622	149.31823720342425
P0A7D7	58.8454547320902
P0ACQ0	78.47742806535504
P0ABX8	25.21273339822131
P0A6M2	76.34993270783622
P04846	44.86894418832042
P0A6V8	91.48325993620388
P32664	195.55707791814376
P17952	94.72780761476209
P16701	59.131894993021234
P0AD83	62.68958124828115
P32676	56.944724891523435
P0AFB1	79.0994871146612
P0AET5	6.361712960993226
P0AGK4	91.67563504364477
P00954	85.76263477670051
P43341	111.49997337633312
P0AEI4	48.809534879910245
P10100	28.76601443897019
P23917	47.74680858423771
P0AA57	11.904513377673215
P0A9K1	19.763654425646653
P0ACZ8	61.35543502904231
P0AA67	135.68809798898286
P0A6X1	87.63841045855014
P64423	153.6711017987011
P61316	51.259795443695964
P77536	37.71672210101924
C1P617	15.852958734627808
P15030	127.83118308191195
P08337	129.59597182437642
P32138	56.311204551194756
P0AAG8	128.5791617856055
P0A6C5	61.904250704318365
P76639	7.020164596524965
P40874	29.10185970216232
P75898	81.8152801220193
P0A9M2	165.0187517542884
P31553	51.11358481758991
P04693	155.23771885217144
P0AFK6	116.71758039699182
P78067	11.844401566741212
P0AET2	35.01689019075214
P76471	15.952938495515413
P52697	51.57013532066567
P28638	20.630919803262103
P46133	107.6862235982698
P23827	49.77492250508163
P24077	59.08917407610286
P75806	33.7603652334536
P52006	55.292315634661335
Q47539	145.60113673909356
P0AD35	5.133907043470414
P62615	48.47076954343193
P42593	140.75279933320948
P37047	35.54080591880303
P0AER8	91.5812732526175
P0A9H9	119.40415187689376
P19642	110.11640448395718
P77173	54.891031114346134
P0A9F6	51.42170556619857
P75826	141.22655850572045
P0AFG3	53.308848103575684
P0ADY3	65.90750128154389
P45800	34.711612884227094
P78061	43.07662563945723
P0A9E2	62.24742225163328
P41052	130.48812797498596
P69937	71.21366751960839
P0AB35	7.439715472994499
P0AAX6	62.81259540286648
P0AEF0	34.45811672201774
P27829	41.700372806474846
P69054	89.02088441276588
P33644	103.44168168063642
P45541	30.28260090613726
P39267	17.651128178534783
P0A6L4	74.15586514262522
P0A8H8	39.31008918988771
P05020	82.23521128801362
P0ABX2	26.377710311478104
P0A912	71.18926852664164
P0ACV0	42.10451773099734
P0A998	132.40369419813052
P21437	53.02478488602793
P0AFV8	14.564451332967678
P25665	90.99982093026128
P76204	88.88614193852466
Q47150	101.214972408159
P0AD59	55.38722540367726
P28903	166.9766846716155
E2JKY7	47.73326314039088
P02942	201.24836559788216
P15373	64.2574555040795
Q46857	47.53905359560021
P0ACD4	41.00198473518366
P66817	37.518247208168866
P52627	61.81836325322821
P0AG67	218.18234724899622
P0AA37	120.97410938671479
P68688	141.42733670936522
P06988	56.09221466294338
P0ACP5	44.561117179429466
P0AGA6	22.13238788320631
P27832	51.97445672335759
P04152	130.4813271611398
P39405	130.85853261060635
P52614	31.58915679679949
P31133	44.3014046792374
P0AA93	90.46641052669146
P07102	154.07792046480688
P0AC84	84.4865070426199
P18776	86.51049159114402
P32696	16.48815165895851
P0A7S9	35.70505600420595
P04982	65.99073594033334
P60723	280.03461700661
P0A6E4	4.91128898097127
P76245	22.160220657897643
P0A894	53.26924563422038
P0A7B5	100.26193428450001
P0C018	65.67868259104802
P0ADK6	15.478720313531655
P77398	151.26156653351026
P06715	80.7144121466991
P23721	113.23000496855047
P68066	26.41428814229868
P0A884	86.3571287386665
P69826	30.05001075272382
P06965	14.512630661174295
P0AD49	131.84016762564016
P20083	44.141311776575535
P27249	44.02709440248155
P75712	6.4847830071810515
P0AF43	70.22804068935415
P0A7E5	88.56253182023687
P0A7N1	75.80407294727573
P0ACL2	28.807716688338445
P0A6V1	108.212408435684
P56579	30.05001075272382
P0AAD6	94.14806673542316
P0ADE8	14.023391654123337
P45577	191.08278018132512
P0AAI9	47.766922246086814
P60624	101.40810132829029
P42615	48.670203854210996
P32053	47.45064579816963
P21151	87.5413988780787
P42630	29.92263086901551
P0A9U8	20.495206997216464
P0A8C8	48.095802135638266
P10408	206.028548987308
Q47129	71.32721920955552
P0AGI1	84.9122441598548
P75715	13.741522682429736
P0A6C1	126.45848411120353
P0AAN9	59.12972462616613
P76318	37.6406483136523
P60293	1.9237003259908347
P0AEY8	142.32054864969973
P31663	53.77966950531553
P0AC96	106.57875417348141
P75914	52.9663806578941
P05194	46.083387878492296
P18777	58.42084915946252
P0AAM1	62.19627277957227
P31224	217.82266244634354
P08997	46.83829308384679
P67444	59.49713074157232
P33129	39.512862577673594
P00370	70.88361328634491
P0ABR9	83.92083372836899
Q59385-2	227.59349949731262
P08394	195.52955252236134
P0A9T6	12.176781026863853
P30136	28.537846338820195
P54746	28.895013284236967
P06960	24.569519258597957
P76407	24.132206281728045
P16685	48.608980644139365
P60595	68.25735451315508
P34749	44.77706600346486
P00562	86.0256487910614
P75949	55.417994931873835
P55135	99.02926556836178
P56256	12.163276056665765
P61714	22.154481759319115
P10805	7.256701200181682
P0ADX9	90.0179140649998
P0ACN4	34.082491454876156
P0ACU2	49.83589194596718
P16432	16.49144517787718
P68767	95.40257187493523
P76213	89.96947708039534
P0A6G5	43.38323821270683
P0A9H7	45.01689773072381
P0ADG1	32.987874636865214
Q93K97	57.865705391238905
P69739	99.5157449022042
P0A8N5	107.02688503097696
P0AGE0	97.0643825779098
P0A6L2	46.73211804263549
P60752	173.862150280837
P0A9V8	86.23698042944194
P0AGF6	149.54955579311306
P46118	17.451555793401567
P22255	64.66219450904569
P0AFH6	38.225749253381395
P37596	76.54137049889266
P77329	20.277558880299754
P0A9W3	101.63219743611616
P69795	83.07313912453328
P0A870	56.97491147464902
P0A7F9	104.72607539358384
P66948	133.41969844694015
P06971	61.35322231225514
P08191	58.36732723005483
P0A7N4	92.29035818463338
P0AFF6	96.85667457585168
P31552	52.224920624928
P32170	105.63560602163344
P10151	36.341435029633466
P0AEY1	15.697914626307606
P27306	48.04569490018258
P0A8Y8	58.83828541294122
P33362	62.1740099834167
P0A821	81.5840956998996
P0A951	71.4534851998574
P32099	77.61413679673753
P30750	210.01814615532152
P76541	35.501818561648356
Q6BF87	15.852958734627808
P00934	52.03683796079679
P0ABK9	90.40890755697161
P0A944	130.08349069565867
P52045	36.94595096489012
P06999	118.5249498167667
P31828	43.36290870907114
P0AA43	86.0539542148229
P14900	65.88954079577957
P0AGK1	38.39648278469282
P31806	67.6778477389292
P17334	79.49739249010439
P31434	33.526458128992125
P24255	50.5783736410318
P0AD42	80.98537109471022
P0A8Y5	37.729023123738564
P0AEY5	51.230341407331665
P09152	143.1841460779216
P64524	99.13978687674611
P76630	73.23450767576888
P31058	58.80296008812223
P0A9N0	45.185774985623574
P0AES6	125.98333602817875
P0AAQ0	4.539773359252021
P11286	15.697914626307606
P0AB01	49.67517878879359
P28246	257.8574197654534
Q46839	119.69823178607892
P77416	30.495379832092134
Q46948	122.07431488435765
P08179	15.544841284882303
P62707	141.46117491451164
P0AE12	28.392512943707786
P0A9R4	42.47722135060609
P16686	51.5965692991198
P07649	93.43787425899303
P77589	91.75563271368092
P0ACK2	22.13238788320631
P0AEP7	108.77546037994139
Q46798	15.01470980462442
P52598	12.176781026863853
P00363	114.21879488156415
P0ABC0	4.539773359252021
P31678	99.1929177464873
P31460	127.127180529567
P0AG51	75.58147715383492
P46850	77.08290215378067
P33997	41.580301238748646
P03014	28.225429319953417
Q47013	43.955463861048045
P0CF88	81.97336102001243
P0ABK2	90.87429604509897
P0AEH5	15.697914626307606
P39353	57.18012438995424
P75749	6.3242382555745635
Q47005	49.83589194596718
P0AEK7	87.78066034120468
P0A8Z3	17.58620687305289
P25527	121.2795197942168
P0AD01	75.42417482054887
P39365	30.05001075272382
P32711	48.898263328322386
P69210	97.20539469943833
P05793	118.93226756463169
P77395	53.915827087861736
P39288	40.05562478086351
P0A8G0	22.129120932921577
Q46817	75.00981974532326
P37642	17.80101542674055
P69441	163.88589211054264
P76214	21.742121737686983
P33667	87.10733205958749
P0A6T1	85.27279070542978
P0AB06	63.77712013825064
P37330	39.10928632818504
P0A6J5	65.30426470728547
P76340	69.35258605864695
P08373	85.57426355801827
P76083	66.72728234577417
P0AB46	11.904513377673215
P0ABH7	62.25081448036859
P22256	112.82828388645673
P37349	27.40199675328023
P0A915	17.876638821506248
P0AEJ0	144.37015074983918
P30859	11.904513377673215
P57998	32.563562741686425
P41407	73.79185956516419
P69797	159.00228685210288
P0AFQ5	45.04683196286059
P52612	4.91128898097127
P76114	34.082491454876156
P0A9E0	86.78453825261374
P0AD27	11.609640474436812
P08506	124.41185207218766
P0AAP1	58.75956852633949
P76584	13.579080037450705
P0AFC7	184.43222759210065
P0A940	88.70363143573385
P33030	41.221890896254735
P39838	83.14010244744243
P0A6S3	61.28879520316496
P0A9R2	17.38639093470888
P0ADU2	26.713165723657525
P0AA82	93.19357061506986
P39301	116.98202081076768
P07658	54.09974947089566
Q46811	20.564468726786657
P46022	72.44993904626583
P76017	54.4986104003918
P0AEB2	165.8103619575968
P0A8N3	76.74247018017554
P77626	62.21558989788895
P39300	84.84674028950563
P0A8T1	98.28860807733741
P76551	35.11527254115577
P0A823	12.769966077831528
P75894	86.89401040795418
Q46899	31.762951655808564
P31572	52.50858629560657
P0ACM9	12.176781026863853
P0AD96	54.16700134802411
P0A9B2	92.43786408412028
P75831	122.21375072455551
P15082	28.807716688338445
P00634	120.32937906273084
P30744	47.68248019925184
P0A9U3	19.763654425646653
P42592	25.72508828279465
P0AG71	15.321561716312717
P0ABA0	93.4950911736434
P26648	48.17812983123569
P11866	30.26603115226532
P30128	57.611442515740066
P02932	23.35817257321845
P0AFN2	16.797058260777085
P37649	33.20804688813254
P64567	13.163998513372434
P46891	93.45523010993908
P0A830	195.77549699741994
P64512	94.80288342517005
P00448	158.58565787538467
P0AEP9	30.503971779151016
P25535	36.62400285139761
P32720	84.26838797008008
P69910	70.25331695372365
P45425	74.35729041605207
P31473	37.305854492927885
P75685	21.308793872985586
P12999	44.0702031327838
P15254	137.56884254585086
P76192	19.002407097154556
P69931	74.2975892465842
P77400	36.30209568388587
P36662	32.952823732267426
P33602	122.62355264495409
P09030	50.84670931898401
P32056	58.06186127122596
P24183	119.28158400658792
P13024	38.717502187954764
A5A618	39.04676438905008
P32057	65.36975704875269
P19769	4.881720019873613
P52599	53.84901493557374
P14294	136.73347684804173
P38038	73.35597981762257
P39410	7.619757222032014
P0A7F3	16.616877052681666
P0A825	122.83872086699208
P69922	80.18625462167304
Q46898	30.11909546603384
P37749	36.86473002188624
P0A8Y1	58.96854286436002
P0AA39	86.05395421482291
P31448	12.89285146175132
P0DMC7	123.64257822269497
P24554	61.85525892953751
P76037	92.00162994257782
P13009	117.92247807278405
P76540	38.925743966552695
P64612	42.68034924316942
Q46877	98.31963183677695
P02943	122.89078974111675
P11349	144.1841460779216
P0AES2	83.44283066214274
P0A6Z3	78.07210876416515
P0A8M3	238.41072049548447
P24174	96.59101081252413
A8DYP9	19.399072420756514
P02921	155.9055847405019
P75782	91.33984215988718
P32677	12.176781026863853
P29010	17.38639093470888
P52095	57.775666823331484
P0AEP3	162.88647025505009
P77743	54.84561957821686
P0AB40	40.61766697609737
P11989	10.694542283855473
P17993	105.63374102601931
P05042	36.369210161703364
P76342	75.01656776066687
P06612	51.53134894836351
P50456	27.51798731524463
P07821	151.8897774680431
P0A9S3	74.55825238142224
P0A9K9	143.26479970780355
P77425	56.70816945486865
P40710	69.21653622619536
P76090	25.91510816006111
P75962	20.30144441725004
P10906	98.21486876106842
P06996	136.7541796718948
P45955	22.15922705398195
P68567	90.0179140649998
P76064	12.81307594345477
P0ABU5	29.78291937676591
P0A6A3	139.47881420591696
P0AB91	25.20096410335312
P39414	19.433093778061824
P45539	38.290511634142575
P0AE67	123.59978473829186
P0A6S7	57.68355012588093
P0C0U4	75.39886062014489
P02413	39.8010329708724
P0ABA6	94.40198176925192
P0A8F8	27.040409913892848
P0AEA2	117.11306243940128
Q46824	36.19703971139734
P33226	98.67359424986525
P76641	55.89164512702299
P0AFG6	106.18319585852171
P08660	66.87988648299934
P0AEW4	64.83586248246823
P27833	57.041664641600924
P75862	51.40428718514871
P0ABV6	63.86001364531343
P00960	1.9237003259908347
P0ADR0	20.30144441725004
C1P605	4.539773359252021
P33599	117.3664703644286
P75990	95.60696319018832
P23538	55.85034027856588
P0ACE7	62.16209011151451
P43676	70.22804068935415
P0ADB7	41.0732974322129
P69506	55.19061034768738
P45475	38.012938075995365
P33221	30.571921754722545
P21513	246.44818437887912
P0AC62	50.31530376606084
P0A8S1	108.45001107885598
P0AFM9	1.9237003259908347
P39399	57.39369602214941
P0AFB8	1.9237003259908347
P00968	127.28963064904873
P24232	111.57865333111828
P38683	11.054374022197937
P0AAI5	91.46529052681362
P30871	30.778479610114132
P0ADL1	72.57722721862399
P0ACY1	21.687033144043742
P0AA10	131.87641344223587
P17583	32.331647695359294
P46482	11.338399551635971
P0A9X1	50.442473961387606
P0A8Y3	58.26519155079902
P08401	100.93119515382122
P45472	82.43339568219385
P0AAR3	65.5954052326967
P77243	79.46325970888702
P0AFI0	131.74365921529477
P0A6S0	6.3242382555745635
P00888	40.10566558478017
P52086	54.57334462804173
P78055	29.23390866372749
P14081	168.91972066859893
P07026	44.72376086869447
P10903	109.66875630324303
P15038	33.92382485203187
P06993	24.4301302117038
P0A7M2	77.22533334360963
C1P5Z8	4.539773359252021
P23869	50.963778711214104
P00887	43.195669806373765
P64534	79.31394681944923
P52108	1.9237003259908347
P76038	46.84471546326388
P77368	25.911785366433275
P25744	103.70459834008754
P38135	57.50706104115492
P04968	68.36285715384855
P31142	64.2357069537513
P0AE24	108.27927438443379
P77689	39.49948205911633
P0AC16	34.865353508482656
P77258	112.8393866668741
P27830	71.58193339667699
P00805	71.23473016833263
P0A6D7	46.334081245646075
P0A6M8	27.31230427019432
P15042	125.28718292883902
P46854	31.714073354148702
P75733	55.06627211363752
P32712	48.898263328322386
P0ADP5	76.67526146811724
Q2EEU2	38.26950508281823
C1P602	4.539773359252021
P0AF45	28.231799521950308
P36771	92.80415563326193
P0AC38	32.371531820160634
P69425	133.75719445154388
P33360	121.6866835359597
P37906	4.524489236569436
P0AC26	53.70220478063048
P64481	4.881720019873613
P17169	60.57458599122445
P0C093	173.15974632968081
P39380	7.783290052437822
P04983	125.08379797904126
P15639	35.689233225774245
P0ABP8	88.98534300265564
P0A877	63.618219689714344
P00803	94.57638689580143
P37676	28.045467287793393
P18392	93.03946455040385
P75797	55.19640026335782
P0A712	126.54963218314106
P0AD05	16.319823626433333
P0A887	62.170148891084786
P60651	78.38674652624977
P39285	59.61567977128054
P42913	13.741522682429736
P77379	66.4774362759032
P24197	24.743770185443058
P60566	23.582799927241417
P67087	83.48062953942313
Q46821	86.33736747811058
P0ADC3	76.42459569516305
P31825	73.03059658075269
P76578	139.85520149627865
P00811	28.65594212175389
P41409	122.20816317287264
P76268	34.082491454876156
P0AG78	50.4399869069634
P21514	87.826760934016
P37767	12.176781026863853
P0A8A8	48.60233470092571
P33590	92.19930921382205
P0AFE8	135.13039226771465
P25396	69.90833092158913
P0AAE8	212.3303548174451
P25552	57.48888970758523
P0AD61	112.7517171143372
P0A6B7	134.81676877843304
P77747	36.725832968503475
P0AFY2	56.080716403533835
P02931	174.3654435647945
P75954	82.01252923375267
P03023	81.52502756409947
P0ADS6	81.30928807174882
P0ABZ1	35.01501895060051
P75796	189.70416307061046
P23830	67.46582884323998
P17888	156.95103499227898
P30130	59.063853573350606
P0ABI8	233.4190052275417
P0A6U8	45.927506485079874
P25397	20.630919803262103
P77650	36.94068683990521
P45769	19.763654425646653
P0A794	44.783737489892815
P77791	44.03699696539714
P62522	48.46084128149592
P77615	75.13018960966531
P69451	201.63444334807258
P0A9D4	128.5799039559957
P16384	108.67018986351218
P03030	38.26655351153468
P24169	66.81899367175875
P0A908	66.53171496107062
P0ABX5	49.67915472872814
P0AFZ3	91.13135049465573
P0ACC9	52.111960247107525
A5A605	10.468992681281971
P76010	83.97549498814077
P52106	121.2002583535708
P12996	78.50590213961628
P56580	63.032999043394234
P75876	95.05201383333532
P06609	82.9265070424617
P45544	12.176781026863853
P36938	17.827007550894294
P77585	43.68724943240901
P65870	72.17190300966843
P28248	110.96437607378795
P0AGK8	24.418850272467168
P37329	115.41357230317392
P0AEV1	46.609000004470225
P0AE88	70.23959746597822
P0AFX7	15.265759237622063
P21599	101.92957597169918
P37340	164.07523022654067
P0A9I3	12.176781026863853
P0A9E5	118.1350578308718
P75849	58.97118917329105
P75859	48.33396740684025
P0AF12	145.44293155464752
P69330	10.889484610652922
P18200	153.85231648618418
P77748	29.459175169033248
P0A7I0	82.96883102103314
P0AD57	60.20120653177709
P0A7T7	88.85725286680426
P30138	68.89275930071722
P0ABG4	89.39189646755351
P0A7J7	162.06118226370216
P76364	39.95287128760038
P31554	46.0349298414117
P77599	13.611950635124014
P07003	102.70672728805461
P75843	56.33471817127589
P67910	92.49438779154805
P27838	54.53670993714087
P28306	67.42245631444995
P0A7P5	41.724733296863235
P0ACV6	131.070705378277
P00804	64.13869029917598
P33012	63.97032168038098
P17854	50.82449875916403
Q46896	99.6713112530419
P0ADD7	15.471088099284163
P64483	91.67881593239451
P06610	95.96687106794296
P0A761	75.0184832925755
P76106	72.17898428753196
P07118	180.92766354473702
P77690	35.23984064923048
P17117	67.69447839771888
P75908	45.301976483182436
P37634	99.94948263432399
P75800	28.576602043377385
P77330	44.83331628747256
P0A930	55.273138899256075
P05704	58.395309293758146
P0ACG6	9.792754100421892
P06959	168.76942523252873
P0ABU9	91.293907925508
P09126	77.23648738853835
P46859	81.06262759013448
P19934	189.4022161187247
P08555	94.14806673542314
P0ADG7	153.16281351051728
P37675	31.50456108706094
P77667	37.37155266340157
P0AEL6	83.56898135024701
P39368	1.9237003259908347
P21515	58.506455143909946
P12281	57.65504303718589
P0AAB2	63.76624585831215
P0C079	64.27347997558653
P60560	80.80370342847856
P0A9L3	55.55325458912595
P0AE72	32.3785023024397
P0AGH5	71.36116872611262
P0AG07	105.55673528840285
P77788	4.077319116349783
P76558	46.79939016675996
P76514	49.836255916557775
P0A800	25.551196074637478
P0ADW3	17.621614952298444
P75817	71.2080240522639
P36937	132.6885196814097
P77488	158.5649877680951
P0AE18	91.95069492831759
P0AE70	143.9060820829832
P28249	16.149413833688833
Q46802	21.786421501300666
P45524	26.89991446113529
P0AGE4	72.05840999884431
P39163	66.05952770257996
P20099	42.17802861477233
P04395	77.15215024541344
P0ABF6	177.787700809092
P36675	72.93772677815805
P0AF01	70.5246674583955
P76524	61.69532807996274
Q46901	40.30638126299472
P08142	78.48187306621732
P0ADZ0	75.58147715383492
P37686	38.75237979053106
P16692	68.80093414916529
P06987	76.84095439540293
P64604	78.01579456127924
P0ADY7	99.17928263779443
P37903	31.553005633167004
P09546	171.89364218765678
P0A8J4	19.431781617074833
P0ABF8	41.61302278636872
Q46814	16.319823626433333
P76242	31.163599878662765
P33229	43.107198922340885
P19925	84.0664910972407
P23908	78.82700857816383
P0ABB0	134.45064786448856
P77737	57.709559542811924
P0AC86	71.59483237386073
P00904	89.85110138683144
P21865	181.3795356088938
P37664	73.71191681171757
P69828	75.57452996248522
Q46829	34.530476903295636
P0A964	159.78393474811958
P0ACI0	12.659542088137876
P77214	139.5702036470535
P0A8X2	11.904513377673215
P39831	82.5078327218639
P0AAA1	13.163998513372434
P0AFK2	76.5173403433441
P33232	100.69497492822308
P06974	1.9237003259908347
P68919	159.49196385373912
P76169	15.697914626307606
Q2EEQ2	18.44991190042823
Q47146	80.45308380476311
P39306	54.924957556129186
P13445	65.4038958418679
P0AC53	72.24414707773964
P75948	28.986959254001388
P76055	72.57093167332168
P27278	188.44981901391498
P37016	48.33396740684025
P37647	84.64466613916359
P68191	33.781355678215114
P0A8P8	84.46449107294777
P0DSE4	4.20024953829911
P33916	105.32612946969758
P0ADB1	8.247938581565398
P08395	69.96178459329178
P30850	74.54692478000413
P0A809	147.65154023815745
P03061	25.868249255282297
P24207	24.902850884603648
P0ADN0	21.058547117825054
P76491	118.43544030613867
P69681	84.55082270963416
P21156	36.29128461231981
P0A8Z0	146.04307960183897
P15640	91.01259452193706
P50457	49.85318294197663
P0ADD5	53.110348099090544
P31126	60.946575830639745
P45771	35.485090985482444
P77234	5.133907043470414
P0A799	115.53543621582489
P0C8J8	14.422309488038902
P0AC02	88.70363143573385
P75892	148.74808007352513
C1P616	15.852958734627808
P04816	47.953079355396234
P0ADP0	63.15373519507396
P06968	150.96788054121535
P75897	61.5785604373479
P00895	62.90672709137447
P0A8K1	124.8471595963401
P0A8W2	71.99637154122462
P0AB71	104.90462206157645
P63235	60.76062436342032
Q47155	117.7287391457436
P32137	15.697914626307606
P0AGL5	66.29201223602243
P08957	11.457378443631963
P76149	82.34667217285073
P77172	97.48717662146437
P25740	69.49619907648241
P0ACF0	53.64660132140363
P39276	160.2557981027337
P63224	81.58267448369925
P31667	67.71647301820306
P09833	84.0180154894483
P0ADH5	25.93120219074953
P05458	70.11166171113946
P39160	37.13175960029808
P76261	34.62259260050578
P69801	147.2428465007245
P32669	29.23390866372749
P45751	34.40564930212361
P0ACB2	78.75814475318427
P0AFP9	37.923877359897
P0AFT5	27.729096594440865
P0AE22	68.57506153874486
P02916	136.16944838996716
